Relation,Count,Ratio
為,155,3.18%
包括,93,1.91%
產生,90,1.85%
進行,90,1.85%
提供,79,1.62%
必須,78,1.6%
製程,74,1.52%
高,70,1.44%
會,66,1.35%
進行,65,1.33%
增加,63,1.29%
利用,60,1.23%
"
",57,1.17%
回收,56,1.15%
分為,54,1.11%
採用,53,1.09%
製造,52,1.07%
晶圓,51,1.05%
清洗,51,1.05%
於,51,1.05%
需,51,1.05%
圖,49,1.01%
測試,48,0.98%
發展,44,0.9%
技術,44,0.9%
後,43,0.88%
達到,43,0.88%
所示,41,0.84%
做,40,0.82%
"

",40,0.82%
提高,39,0.8%
分離,39,0.8%
低,39,0.8%
中,38,0.78%
影響,37,0.76%
去除,37,0.76%
成,37,0.76%
生產,37,0.76%
控制,35,0.72%
成為,35,0.72%
減少,35,0.72%
設備,34,0.7%
蝕刻,34,0.7%
新,34,0.7%
過程,33,0.68%
不同,33,0.68%
應用,32,0.66%
方式,31,0.64%
考慮,31,0.64%
所需,31,0.64%
萃取,30,0.62%
處理,30,0.62%
進入,30,0.62%
研磨,30,0.62%
成長,30,0.62%
利用,30,0.62%
維持,28,0.57%
應,27,0.55%
作為,27,0.55%
廢水,26,0.53%
晶片,25,0.51%
系統,24,0.49%
資料,24,0.49%
矽晶,24,0.49%
進,23,0.47%
產品,23,0.47%
結合,23,0.47%
符合,23,0.47%
反應,22,0.45%
開始,22,0.45%
封裝,22,0.45%
稱為,22,0.45%
表面,21,0.43%
顯示,21,0.43%
操作,21,0.43%
包含,21,0.43%
稱,21,0.43%
具備,20,0.41%
流程,20,0.41%
公司,20,0.41%
發生,19,0.39%
固定,19,0.39%
選擇,19,0.39%
產,18,0.37%
拋光,18,0.37%
評估,18,0.37%
說明,18,0.37%
特性,18,0.37%
決定,18,0.37%
溶劑,18,0.37%
提升,17,0.35%
設計,17,0.35%
出現,17,0.35%
用於,17,0.35%
達,17,0.35%
分析,17,0.35%
收集,16,0.33%
夠,16,0.33%
"

 

",16,0.33%
獲,16,0.33%
加工,16,0.33%
超過,16,0.33%
投入,16,0.33%
廢氣,15,0.31%
樣,15,0.31%
予以,15,0.31%
表,15,0.31%
觀察,15,0.31%
經過,15,0.31%
定,15,0.31%
污泥,15,0.31%
為主,15,0.31%
穩定,15,0.31%
製作,14,0.29%
出,14,0.29%
將會,14,0.29%
酸,14,0.29%
作,14,0.29%
磷酸,14,0.29%
機,14,0.29%
須,14,0.29%
" 
 
",14,0.29%
代表,14,0.29%
降低,14,0.29%
"


",14,0.29%
研究,14,0.29%
氣體,14,0.29%
程序,14,0.29%
水,13,0.27%
先,13,0.27%
排放,13,0.27%
規劃,13,0.27%
長,13,0.27%
沒有,13,0.27%
需求,13,0.27%
構裝,13,0.27%
加熱,13,0.27%
2007,13,0.27%
混合,13,0.27%
生成,13,0.27%
時間,13,0.27%
烘烤,13,0.27%
確定,13,0.27%
氧化,12,0.25%
處於,12,0.25%
認為,12,0.25%
複雜,12,0.25%
離子,12,0.25%
成本,12,0.25%
讓,12,0.25%
金屬,12,0.25%
整合,12,0.25%
擴散,12,0.25%
吸附,12,0.25%
導致,12,0.25%
資源化,12,0.25%
純化,12,0.25%
導體,12,0.25%
改善,12,0.25%
加溫,12,0.25%
運用,11,0.23%
改變,11,0.23%
出來,11,0.23%
預期,11,0.23%
滿足,11,0.23%
具,11,0.23%
污染,11,0.23%
放,11,0.23%
送至,11,0.23%
股份,11,0.23%
持續,11,0.23%
均,11,0.23%
係,11,0.23%
矽,11,0.23%
縮,11,0.23%
調整,11,0.23%
通過,11,0.23%
適合,11,0.23%
適當,11,0.23%
確保,11,0.23%
產出,11,0.23%
12,11,0.23%
規格,11,0.23%
適用,11,0.23%
包裝,11,0.23%
空氣,10,0.21%
通入,10,0.21%
產業,10,0.21%
完整,10,0.21%
研發,10,0.21%
切割,10,0.21%
槽,10,0.21%
實現,10,0.21%
合作,10,0.21%
裝置,10,0.21%
作用,10,0.21%
加,10,0.21%
體,10,0.21%
含,10,0.21%
指,10,0.21%
排出,10,0.21%
保護,10,0.21%
採,10,0.21%
短,10,0.21%
步驟,10,0.21%
提出,10,0.21%
組成,10,0.21%
高溫,10,0.21%
達成,10,0.21%
環境,10,0.21%
方法,10,0.21%
簡單,10,0.21%
建立,10,0.21%
結果,10,0.21%
功能,9,0.18%
吸收,9,0.18%
開發,9,0.18%
製成,9,0.18%
接受,9,0.18%
變動,9,0.18%
現,9,0.18%
過濾,9,0.18%
來,9,0.18%
投資,9,0.18%
快速,9,0.18%
提昇,9,0.18%
5.,9,0.18%
清除,9,0.18%
醋酸,9,0.18%
都會,9,0.18%
廠,9,0.18%
問題,9,0.18%
植入,9,0.18%
無,9,0.18%
光阻,9,0.18%
先進,9,0.18%
取代,9,0.18%
設置,9,0.18%
2005,9,0.18%
帶動,9,0.18%
蒸餾,9,0.18%
材料,9,0.18%
準備,9,0.18%
解決,9,0.18%
水泥,9,0.18%
削油,9,0.18%
帶來,9,0.18%
配合,8,0.16%
提,8,0.16%
加速,8,0.16%
呈現,8,0.16%
溶解,8,0.16%
判斷,8,0.16%
挑戰,8,0.16%
不斷,8,0.16%
工程,8,0.16%
10,8,0.16%
續,8,0.16%
常用,8,0.16%
廢液,8,0.16%
採取,8,0.16%
協助,8,0.16%
趨勢,8,0.16%
困難,8,0.16%
含量,8,0.16%
含有,8,0.16%
成形,8,0.16%
時,8,0.16%
情況,8,0.16%
可將,8,0.16%
消除,8,0.16%
送往,8,0.16%
廢,8,0.16%
如圖,8,0.16%
燃燒,8,0.16%
快,8,0.16%
劑,8,0.16%
檢測,8,0.16%
廠商,8,0.16%
市場,8,0.16%
完,8,0.16%
整理,8,0.16%
構成,8,0.16%
量產,8,0.16%
勻,8,0.16%
高達,8,0.16%
接近,8,0.16%
製,8,0.16%
供應,7,0.14%
供,7,0.14%
"


 ",7,0.14%
推進,7,0.14%
放置,7,0.14%
驗證,7,0.14%
交由,7,0.14%
亦可,7,0.14%
移動,7,0.14%
放入,7,0.14%
曝光,7,0.14%
有限,7,0.14%
作業,7,0.14%
冷卻,7,0.14%
非,7,0.14%
經,7,0.14%
旋轉,7,0.14%
第一,7,0.14%
推動,7,0.14%
供應商,7,0.14%
種,7,0.14%
處理,7,0.14%
分,7,0.14%
行業,7,0.14%
強,7,0.14%
原料,7,0.14%
針測,7,0.14%
建構,7,0.14%
切割,7,0.14%
廢棄物,7,0.14%
將,7,0.14%
消耗,7,0.14%
溶液,7,0.14%
工廠,7,0.14%
占,7,0.14%
電子,7,0.14%
半導體,7,0.14%
屬於,7,0.14%
混合物,7,0.14%
屬,7,0.14%
半導,7,0.14%
化學,7,0.14%
設定,7,0.14%
半,7,0.14%
計算,7,0.14%
過,7,0.14%
測,7,0.14%
測品,7,0.14%
導入,7,0.14%
脫水,7,0.14%
縮小,7,0.14%
持,7,0.14%
負責,7,0.14%
降低,7,0.14%
四,7,0.14%
大於,7,0.14%
關,7,0.14%
相比,7,0.14%
光罩,7,0.14%
" 

",7,0.14%
正,7,0.14%
蒸發,7,0.14%
25,7,0.14%
沉澱,7,0.14%
循環,7,0.14%
檢驗,7,0.14%
足夠,7,0.14%
較高,7,0.14%
設,6,0.12%
點,6,0.12%
圓片,6,0.12%
粗糙,6,0.12%
節省,6,0.12%
周期,6,0.12%
變,6,0.12%
貯存,6,0.12%
三,6,0.12%
轉往,6,0.12%
外觀,6,0.12%
台灣,6,0.12%
明顯,6,0.12%
客戶,6,0.12%
透光,6,0.12%
送到,6,0.12%
追求,6,0.12%
上線,6,0.12%
電性,6,0.12%
納入,6,0.12%
停留,6,0.12%
從上,6,0.12%
必需,6,0.12%
長成,6,0.12%
內,6,0.12%
成熟,6,0.12%
能源,6,0.12%
階段,6,0.12%
區分,6,0.12%
集塵,6,0.12%
採購,6,0.12%
探討,6,0.12%
接合,6,0.12%
電路,6,0.12%
接觸,6,0.12%
得以,6,0.12%
蝕,6,0.12%
擁有,6,0.12%
出貨,6,0.12%
收,6,0.12%
分成,6,0.12%
分解,6,0.12%
分開,6,0.12%
廢棄,6,0.12%
工業,6,0.12%
選用,6,0.12%
二,6,0.12%
動,6,0.12%
乃是,6,0.12%
少,6,0.12%
計畫,6,0.12%
區,6,0.12%
工作,6,0.12%
"


",6,0.12%
"
 
",6,0.12%
污染物,6,0.12%
發表,6,0.12%
沉降,6,0.12%
連接,6,0.12%
發揮,6,0.12%
7%,6,0.12%
模式,6,0.12%
生,6,0.12%
2000,6,0.12%
20,6,0.12%
領先,6,0.12%
破壞,6,0.12%
波動,6,0.12%
材料,6,0.12%
洗,6,0.12%
棄物,6,0.12%
條件,6,0.12%
17,6,0.12%
獲得,6,0.12%
15,6,0.12%
理想,6,0.12%
"


 
",6,0.12%
添加,6,0.12%
濃縮,6,0.12%
洗滌,5,0.1%
產製,5,0.1%
前,5,0.1%
印字,5,0.1%
用來,5,0.1%
交換,5,0.1%
資源,5,0.1%
試機台,5,0.1%
即可,5,0.1%
磊晶,5,0.1%
冷凝,5,0.1%
審核,5,0.1%
相當,5,0.1%
硝酸,5,0.1%
介紹,5,0.1%
光,5,0.1%
擴產,5,0.1%
送,5,0.1%
放流,5,0.1%
19,5,0.1%
袋式,5,0.1%
製造商,5,0.1%
系,5,0.1%
方向,5,0.1%
無機性,5,0.1%
如表,5,0.1%
類似,5,0.1%
膜,5,0.1%
4.,5,0.1%
領域,5,0.1%
剩下,5,0.1%
資金,5,0.1%
敘述,5,0.1%
確認,5,0.1%
基板,5,0.1%
平坦,5,0.1%
試,5,0.1%
乾燥,5,0.1%
切入,5,0.1%
估,5,0.1%
瞭解,5,0.1%
佈局,5,0.1%
參考,5,0.1%
依賴,5,0.1%
電,5,0.1%
檢查,5,0.1%
做為,5,0.1%
接,5,0.1%
雜,5,0.1%
促進,5,0.1%
缺少,5,0.1%
排列,5,0.1%
值得,5,0.1%
沉積,5,0.1%
典型,5,0.1%
著,5,0.1%
修正,5,0.1%
修復,5,0.1%
切片,5,0.1%
5.5,5,0.1%
全球化,5,0.1%
發,5,0.1%
轉,5,0.1%
輸送,5,0.1%
不會,5,0.1%
低於,5,0.1%
%,5,0.1%
分類,5,0.1%
搶,5,0.1%
2-1,5,0.1%
法,5,0.1%
自動化,5,0.1%
氣罩,5,0.1%
真,5,0.1%
部份,5,0.1%
台積,5,0.1%
輸入,5,0.1%
電路,5,0.1%
出來,5,0.1%
2006,5,0.1%
融化,5,0.1%
變成,5,0.1%
足,5,0.1%
元件,5,0.1%
最佳,5,0.1%
種類,5,0.1%
較大,5,0.1%
單晶,5,0.1%
競爭,5,0.1%
越,5,0.1%
尺寸,5,0.1%
於生,5,0.1%
觀點,5,0.1%
簡稱,5,0.1%
添,5,0.1%
黏晶,5,0.1%
較,5,0.1%
11,5,0.1%
節,5,0.1%
晶棒,5,0.1%
示,5,0.1%
會進,5,0.1%
時會,5,0.1%
a,5,0.1%
更換,5,0.1%
顯著,5,0.1%
管理,5,0.1%
導線,5,0.1%
現況,5,0.1%
晶種,4,0.08%
殘留,4,0.08%
油,4,0.08%
die,4,0.08%
積體,4,0.08%
後續,4,0.08%
晶體,4,0.08%
欲,4,0.08%
晶粒,4,0.08%
獲取,4,0.08%
沖洗,4,0.08%
"　　

",4,0.08%
俗稱,4,0.08%
讓這,4,0.08%
磨料,4,0.08%
推出,4,0.08%
含氧,4,0.08%
-3,4,0.08%
建立,4,0.08%
不佳,4,0.08%
回升,4,0.08%
分餾,4,0.08%
綜合,4,0.08%
零件,4,0.08%
熔化,4,0.08%
上行,4,0.08%
維護,4,0.08%
對,4,0.08%
對準,4,0.08%
容易,4,0.08%
來作,4,0.08%
增大,4,0.08%
分享,4,0.08%
熔融,4,0.08%
機台,4,0.08%
100,4,0.08%
線架,4,0.08%
電為,4,0.08%
再生,4,0.08%
"

 

 

",4,0.08%
趨緩,4,0.08%
2008,4,0.08%
毒性,4,0.08%
薄,4,0.08%
nm,4,0.08%
應力,4,0.08%
開,4,0.08%
義出,4,0.08%
移除,4,0.08%
變化,4,0.08%
濺擊,4,0.08%
稀釋,4,0.08%
克服,4,0.08%
考量,4,0.08%
找出,4,0.08%
耗時,4,0.08%
抽氣,4,0.08%
成分,4,0.08%
太,4,0.08%
計,4,0.08%
優勢,4,0.08%
氫,4,0.08%
氫氟,4,0.08%
清潔,4,0.08%
成立,4,0.08%
可用,4,0.08%
元,4,0.08%
興起,4,0.08%
備,4,0.08%
發現,4,0.08%
陶瓷,4,0.08%
區域,4,0.08%
為例,4,0.08%
修改,4,0.08%
回,4,0.08%
取,4,0.08%
排入,4,0.08%
v,4,0.08%
黏著,4,0.08%
燒結,4,0.08%
移到,4,0.08%
取決,4,0.08%
趨於,4,0.08%
3.1,4,0.08%
指定,4,0.08%
潔淨,4,0.08%
會將,4,0.08%
缺失,4,0.08%
為例,4,0.08%
夠獲,4,0.08%
誤,4,0.08%
氣,4,0.08%
長晶,4,0.08%
01,4,0.08%
試車,4,0.08%
碰撞,4,0.08%
預估,4,0.08%
仰賴,4,0.08%
較小,4,0.08%
報告,4,0.08%
設備商,4,0.08%
000,4,0.08%
來自,4,0.08%
整,4,0.08%
細,4,0.08%
90,4,0.08%
溫度,4,0.08%
等待,4,0.08%
攪拌,4,0.08%
支出,4,0.08%
切削,4,0.08%
統計,4,0.08%
項目,4,0.08%
支持,4,0.08%
細微,4,0.08%
預計,4,0.08%
進口,4,0.08%
視,4,0.08%
效益,4,0.08%
久,4,0.08%
嚴格,4,0.08%
吹乾,4,0.08%
收益,4,0.08%
差異,4,0.08%
則為,4,0.08%
淘汰,4,0.08%
改用,4,0.08%
溶於,4,0.08%
加大,4,0.08%
斷,4,0.08%
簡易,4,0.08%
並使,4,0.08%
廢酸,4,0.08%
18,4,0.08%
執行,4,0.08%
業者,4,0.08%
原,4,0.08%
14,4,0.08%
還,4,0.08%
來看,4,0.08%
較佳,4,0.08%
狀況,4,0.08%
純水,4,0.08%
15%,4,0.08%
擴大,4,0.08%
資本,4,0.08%
精確,4,0.08%
11%,4,0.08%
無塵室,4,0.08%
邁,3,0.06%
物料,3,0.06%
導電,3,0.06%
13,3,0.06%
污染源,3,0.06%
前進,3,0.06%
0.5,3,0.06%
完善,3,0.06%
還原,3,0.06%
1.,3,0.06%
差異,3,0.06%
年成,3,0.06%
公告,3,0.06%
流通,3,0.06%
這,3,0.06%
息息相關,3,0.06%
取物,3,0.06%
燒,3,0.06%
說,3,0.06%
委外,3,0.06%
光片,3,0.06%
創,3,0.06%
自動,3,0.06%
成品,3,0.06%
訂定,3,0.06%
規定,3,0.06%
4%,3,0.06%
內部,3,0.06%
希望,3,0.06%
0002,3,0.06%
邏輯,3,0.06%
師檢,3,0.06%
相較,3,0.06%
流入,3,0.06%
配製,3,0.06%
相對,3,0.06%
溶,3,0.06%
割成,3,0.06%
帶來,3,0.06%
開採,3,0.06%
36%,3,0.06%
開創,3,0.06%
狀態,3,0.06%
減低,3,0.06%
應該,3,0.06%
門,3,0.06%
進料,3,0.06%
萃,3,0.06%
想,3,0.06%
受惠,3,0.06%
酸),3,0.06%
通知,3,0.06%
當,3,0.06%
蒸出,3,0.06%
2003,3,0.06%
引腳,3,0.06%
引進,3,0.06%
角度,3,0.06%
2001,3,0.06%
劇烈,3,0.06%
制定,3,0.06%
混入,3,0.06%
廢溶,3,0.06%
表現,3,0.06%
2004,3,0.06%
行,3,0.06%
導,3,0.06%
強度,3,0.06%
測時,3,0.06%
加快,3,0.06%
造業,3,0.06%
裝,3,0.06%
密閉,3,0.06%
準容器,3,0.06%
2-3,3,0.06%
選取,3,0.06%
建廠,3,0.06%
延長,3,0.06%
延續,3,0.06%
延伸,3,0.06%
實際,3,0.06%
建議,3,0.06%
分配,3,0.06%
量產,3,0.06%
分述,3,0.06%
廢切,3,0.06%
廢電,3,0.06%
1999,3,0.06%
密度,3,0.06%
原因,3,0.06%
沾附,3,0.06%
界面,3,0.06%
原物,3,0.06%
動作,3,0.06%
展出,3,0.06%
訊號,3,0.06%
凝結,3,0.06%
錫,3,0.06%
反,3,0.06%
展望,3,0.06%
薄膜,3,0.06%
針,3,0.06%
了解,3,0.06%
申請,3,0.06%
活性,3,0.06%
更新,3,0.06%
減量,3,0.06%
則點,3,0.06%
封膠,3,0.06%
用以,3,0.06%
鐵渣,3,0.06%
物,3,0.06%
處,3,0.06%
22,3,0.06%
層,3,0.06%
連續,3,0.06%
重複,3,0.06%
適宜,3,0.06%
混酸,3,0.06%
-2,3,0.06%
原理,3,0.06%
重,3,0.06%
加強,3,0.06%
沸點,3,0.06%
液體,3,0.06%
容納,3,0.06%
生長,3,0.06%
進展,3,0.06%
出售,3,0.06%
沒,3,0.06%
疵,3,0.06%
缺乏,3,0.06%
濃度,3,0.06%
品,3,0.06%
伴隨,3,0.06%
異丙醇,3,0.06%
面積,3,0.06%
面臨,3,0.06%
面臨,3,0.06%
概率,3,0.06%
吸引,3,0.06%
破片,3,0.06%
項,3,0.06%
代工,3,0.06%
支援,3,0.06%
給予,3,0.06%
都必,3,0.06%
場,3,0.06%
綠色,3,0.06%
交付,3,0.06%
放在,3,0.06%
96,3,0.06%
確,3,0.06%
五,3,0.06%
互補,3,0.06%
堅固,3,0.06%
業廢,3,0.06%
預測,3,0.06%
業,3,0.06%
擴充,3,0.06%
位,3,0.06%
輔助,3,0.06%
換上,3,0.06%
72,3,0.06%
來看,3,0.06%
機會,3,0.06%
增進,3,0.06%
需將,3,0.06%
"

        ",3,0.06%
需經,3,0.06%
佳,3,0.06%
輕易,3,0.06%
換,3,0.06%
標準,3,0.06%
研,3,0.06%
位於,3,0.06%
作出,3,0.06%
8%,3,0.06%
揮發,3,0.06%
80,3,0.06%
住,3,0.06%
不具,3,0.06%
摻入,3,0.06%
摻雜,3,0.06%
撞擊,3,0.06%
失效,3,0.06%
擁,3,0.06%
組,3,0.06%
效率,3,0.06%
機械,3,0.06%
乃為,3,0.06%
體系,3,0.06%
昂貴,3,0.06%
章,3,0.06%
拉出,3,0.06%
"

                                                 
",3,0.06%
時程,3,0.06%
為不,3,0.06%
晶,3,0.06%
晶矽,3,0.06%
ゐ廢,3,0.06%
因應,3,0.06%
有害,3,0.06%
書,3,0.06%
積電,3,0.06%
黏土,3,0.06%
趨,3,0.06%
０,3,0.06%
點上,3,0.06%
積,3,0.06%
移轉,3,0.06%
龐大,3,0.06%
程,3,0.06%
程度,3,0.06%
程式,3,0.06%
kgs／片,3,0.06%
早期,3,0.06%
示為,3,0.06%
圖型,3,0.06%
磨粒,3,0.06%
基於,3,0.06%
主導,3,0.06%
細分,3,0.06%
領先,3,0.06%
數據,3,0.06%
磊晶,3,0.06%
新建,3,0.06%
質,3,0.06%
框架,3,0.06%
並置,3,0.06%
顯,3,0.06%
查,3,0.06%
起到,3,0.06%
風險,3,0.06%
磷為,3,0.06%
餾塔,3,0.06%
來作,3,0.06%
於水,3,0.06%
並作,3,0.06%
單純,3,0.06%
嘗試,3,0.06%
購買,3,0.06%
走,3,0.06%
圖案,3,0.06%
電鍍,3,0.06%
經濟,3,0.06%
700,3,0.06%
參照,3,0.06%
置,3,0.06%
除掉,3,0.06%
做好,3,0.06%
合格,3,0.06%
除線,3,0.06%
夠持,3,0.06%
合物,3,0.06%
除切,3,0.06%
5.4,3,0.06%
轉移,3,0.06%
轉換,3,0.06%
個,3,0.06%
修補,3,0.06%
保留,3,0.06%
500,3,0.06%
段,3,0.06%
保證,3,0.06%
合,3,0.06%
置入,3,0.06%
置於,3,0.06%
相關,3,0.06%
脫除,3,0.06%
氧化物,3,0.06%
成立,3,0.06%
42,3,0.06%
謹慎,3,0.06%
追隨,3,0.06%
相連,3,0.06%
良好,3,0.06%
吃緊,3,0.06%
打線,3,0.06%
傳輸,3,0.06%
$,3,0.06%
迫使,3,0.06%
大幅,3,0.06%
附著,3,0.06%
抽出,3,0.06%
繼續,3,0.06%
減,3,0.06%
繁雜,3,0.06%
短缺,3,0.06%
依循,3,0.06%
吋廠,3,0.06%
6.3,3,0.06%
论文集,3,0.06%
名稱,3,0.06%
轉向,3,0.06%
繁多,3,0.06%
緩慢,3,0.06%
難,3,0.06%
推測,3,0.06%
數據,3,0.06%
機溶,3,0.06%
係利,3,0.06%
66,3,0.06%
機構,3,0.06%
轉型,3,0.06%
為異,2,0.04%
濕氣,2,0.04%
密集,2,0.04%
請見,2,0.04%
灰,2,0.04%
圖中,2,0.04%
存,2,0.04%
獨佔,2,0.04%
堵,2,0.04%
增,2,0.04%
讓切,2,0.04%
澄清,2,0.04%
存於,2,0.04%
變小,2,0.04%
孜孜不倦,2,0.04%
溫,2,0.04%
大小,2,0.04%
溫度,2,0.04%
賴焊,2,0.04%
調勻,2,0.04%
調,2,0.04%
地位,2,0.04%
調節,2,0.04%
議價,2,0.04%
超,2,0.04%
對應,2,0.04%
失,2,0.04%
妥善,2,0.04%
國外,2,0.04%
玻璃,2,0.04%
減廢,2,0.04%
論壇,2,0.04%
壓成,2,0.04%
減輕,2,0.04%
增強,2,0.04%
為兩,2,0.04%
寄,2,0.04%
熔液,2,0.04%
燃燒器,2,0.04%
圓,2,0.04%
委託,2,0.04%
越強,2,0.04%
濃,2,0.04%
證過,2,0.04%
超額,2,0.04%
超越,2,0.04%
圓板,2,0.04%
燃料,2,0.04%
大量,2,0.04%
圓片化,2,0.04%
超潔淨,2,0.04%
圓表,2,0.04%
設施,2,0.04%
課題,2,0.04%
滌,2,0.04%
為行,2,0.04%
定於,2,0.04%
燕瘦,2,0.04%
外面,2,0.04%
為水,2,0.04%
營收,2,0.04%
照相顯,2,0.04%
寫,2,0.04%
為採,2,0.04%
定律,2,0.04%
外部,2,0.04%
貼上,2,0.04%
照射,2,0.04%
照明,2,0.04%
定位,2,0.04%
試驗,2,0.04%
壓銲,2,0.04%
壯志,2,0.04%
片,2,0.04%
熟料,2,0.04%
定義,2,0.04%
滋生,2,0.04%
貼,2,0.04%
貯槽,2,0.04%
塔吸附,2,0.04%
場處,2,0.04%
實驗,2,0.04%
讓整,2,0.04%
滲入,2,0.04%
為將,2,0.04%
外來,2,0.04%
多重,2,0.04%
宜,2,0.04%
塗,2,0.04%
均勻,2,0.04%
坩鍋,2,0.04%
定期性,2,0.04%
垂直,2,0.04%
垃圾,2,0.04%
學物,2,0.04%
變質,2,0.04%
壓力,2,0.04%
執行,2,0.04%
物理,2,0.04%
熱應,2,0.04%
貯,2,0.04%
將待,2,0.04%
為確,2,0.04%
評,2,0.04%
溶出,2,0.04%
夠滿,2,0.04%
基己,2,0.04%
潛力,2,0.04%
壓,2,0.04%
熱,2,0.04%
將使,2,0.04%
基準,2,0.04%
基版,2,0.04%
為使,2,0.04%
基礎,2,0.04%
為知,2,0.04%
小於,2,0.04%
會讓,2,0.04%
清理,2,0.04%
損傷,2,0.04%
緣鑲,2,0.04%
推陳,2,0.04%
提到,2,0.04%
提前,2,0.04%
樹脂,2,0.04%
提早,2,0.04%
矽製,2,0.04%
模作,2,0.04%
緊密,2,0.04%
標示,2,0.04%
緊,2,0.04%
提煉,2,0.04%
砂,2,0.04%
維持切,2,0.04%
經營,2,0.04%
極大,2,0.04%
撼動,2,0.04%
破壞切,2,0.04%
破損,2,0.04%
擔,2,0.04%
擬定,2,0.04%
擴,2,0.04%
擴張,2,0.04%
攜帶,2,0.04%
攝氏,2,0.04%
給,2,0.04%
絕緣,2,0.04%
收受,2,0.04%
硬脆,2,0.04%
收緊,2,0.04%
推廣,2,0.04%
推,2,0.04%
機相,2,0.04%
矽原,2,0.04%
抽成,2,0.04%
氣化,2,0.04%
拆封,2,0.04%
拉出,2,0.04%
氟酸,2,0.04%
缺陷,2,0.04%
比例,2,0.04%
比擬,2,0.04%
矚目,2,0.04%
指導,2,0.04%
指引,2,0.04%
指標,2,0.04%
捕捉,2,0.04%
捕集,2,0.04%
授權,2,0.04%
掉,2,0.04%
排,2,0.04%
排列,2,0.04%
排差,2,0.04%
知,2,0.04%
排至,2,0.04%
採常,2,0.04%
繞射,2,0.04%
步氧化,2,0.04%
步,2,0.04%
接口,2,0.04%
正確,2,0.04%
石英坩,2,0.04%
檢出,2,0.04%
結構,2,0.04%
改為,2,0.04%
美國,2,0.04%
未來,2,0.04%
於這,2,0.04%
第四,2,0.04%
於降,2,0.04%
科技,2,0.04%
日本,2,0.04%
站,2,0.04%
本文,2,0.04%
易於,2,0.04%
突破,2,0.04%
末期,2,0.04%
穿透,2,0.04%
穿越,2,0.04%
未能,2,0.04%
穿,2,0.04%
未,2,0.04%
極佳,2,0.04%
空區,2,0.04%
朝下,2,0.04%
有關,2,0.04%
有用,2,0.04%
穩定性,2,0.04%
有機,2,0.04%
最先,2,0.04%
最多,2,0.04%
積極,2,0.04%
有人,2,0.04%
稱作,2,0.04%
會有,2,0.04%
會殘,2,0.04%
會用,2,0.04%
於趨,2,0.04%
於製,2,0.04%
於發,2,0.04%
架,2,0.04%
業鏈,2,0.04%
放緩,2,0.04%
結,2,0.04%
業務,2,0.04%
故障,2,0.04%
效應,2,0.04%
效果,2,0.04%
終止,2,0.04%
紹,2,0.04%
散,2,0.04%
散入,2,0.04%
散爐,2,0.04%
整表,2,0.04%
純淨,2,0.04%
磚塊,2,0.04%
紅,2,0.04%
系列,2,0.04%
桃園,2,0.04%
核心,2,0.04%
粉末,2,0.04%
米,2,0.04%
簡述,2,0.04%
於廢,2,0.04%
於成,2,0.04%
範例,2,0.04%
範圍,2,0.04%
於沒,2,0.04%
於測,2,0.04%
於燒,2,0.04%
抵禦,2,0.04%
美觀,2,0.04%
清,2,0.04%
由於,2,0.04%
常數,2,0.04%
常見,2,0.04%
幫助,2,0.04%
複製,2,0.04%
複,2,0.04%
平滑,2,0.04%
產量,2,0.04%
製備,2,0.04%
用到,2,0.04%
廠內,2,0.04%
廠廢,2,0.04%
洗掉,2,0.04%
裝機,2,0.04%
廢化,2,0.04%
波,2,0.04%
處理器,2,0.04%
廢油,2,0.04%
廢溶劑,2,0.04%
廢物,2,0.04%
留下,2,0.04%
廣泛,2,0.04%
當作,2,0.04%
式,2,0.04%
疊加,2,0.04%
表面上,2,0.04%
引導,2,0.04%
術,2,0.04%
彈性,2,0.04%
融解,2,0.04%
形式,2,0.04%
產生量,2,0.04%
常見,2,0.04%
浮除,2,0.04%
常溫,2,0.04%
少數,2,0.04%
環,2,0.04%
尚,2,0.04%
訂,2,0.04%
局限,2,0.04%
展,2,0.04%
混練,2,0.04%
解釋,2,0.04%
展開,2,0.04%
混雜,2,0.04%
環節,2,0.04%
層面,2,0.04%
混,2,0.04%
生活,2,0.04%
觀察台,2,0.04%
生源,2,0.04%
液面,2,0.04%
生料,2,0.04%
液相,2,0.04%
視為,2,0.04%
液,2,0.04%
工藝,2,0.04%
市售,2,0.04%
涉,2,0.04%
規模,2,0.04%
帶,2,0.04%
浸泡,2,0.04%
見,2,0.04%
常會,2,0.04%
形狀,2,0.04%
待酬,2,0.04%
折,2,0.04%
腐蝕,2,0.04%
水沖,2,0.04%
相中,2,0.04%
自於,2,0.04%
相成,2,0.04%
水分,2,0.04%
成功,2,0.04%
臨,2,0.04%
膠體,2,0.04%
膠帶,2,0.04%
氯化,2,0.04%
氫氣,2,0.04%
成片,2,0.04%
腳數,2,0.04%
腳數,2,0.04%
脫離,2,0.04%
處置,2,0.04%
脫附,2,0.04%
背面,2,0.04%
所得,2,0.04%
手冊,2,0.04%
手持,2,0.04%
扭曲,2,0.04%
扶植,2,0.04%
耐,2,0.04%
看好,2,0.04%
技術案,2,0.04%
抑制,2,0.04%
翻轉,2,0.04%
氣氛,2,0.04%
抗禮,2,0.04%
致使,2,0.04%
直觀,2,0.04%
直徑,2,0.04%
般,2,0.04%
後送,2,0.04%
藉由,2,0.04%
徑予,2,0.04%
得知,2,0.04%
從,2,0.04%
沉積法,2,0.04%
從事,2,0.04%
微小化,2,0.04%
微影,2,0.04%
決策,2,0.04%
決,2,0.04%
蒐集,2,0.04%
微量,2,0.04%
微粒,2,0.04%
必,2,0.04%
汲極,2,0.04%
監控,2,0.04%
忽視,2,0.04%
著厚,2,0.04%
監視,2,0.04%
性,2,0.04%
性質,2,0.04%
情,2,0.04%
情形,2,0.04%
目,2,0.04%
水自,2,0.04%
苯,2,0.04%
意圖,2,0.04%
態,2,0.04%
蒸氣,2,0.04%
塗布,2,0.04%
需用,2,0.04%
修整,2,0.04%
備商,2,0.04%
備份,2,0.04%
降溫,2,0.04%
偏高,2,0.04%
偏,2,0.04%
倚賴,2,0.04%
修復,2,0.04%
雜質,2,0.04%
隻腳,2,0.04%
集合,2,0.04%
保留,2,0.04%
保存,2,0.04%
保品,2,0.04%
雕刻,2,0.04%
備妥,2,0.04%
備料,2,0.04%
備註,2,0.04%
催化,2,0.04%
傳到,2,0.04%
附加,2,0.04%
傳遞,2,0.04%
阻塞,2,0.04%
傾斜,2,0.04%
僅,2,0.04%
關鍵,2,0.04%
優,2,0.04%
關注,2,0.04%
優異,2,0.04%
優雅,2,0.04%
儲存,2,0.04%
充填,2,0.04%
促使,2,0.04%
離,2,0.04%
升溫,2,0.04%
人員,2,0.04%
以確,2,0.04%
順利,2,0.04%
介於,2,0.04%
順利,2,0.04%
人才,2,0.04%
人工,2,0.04%
二氧化碳,2,0.04%
離子化,2,0.04%
預熱,2,0.04%
乾,2,0.04%
預示,2,0.04%
乙醇,2,0.04%
乙,2,0.04%
乘以,2,0.04%
企業,2,0.04%
估計,2,0.04%
面板,2,0.04%
佈線,2,0.04%
位置,2,0.04%
面對,2,0.04%
低溫,2,0.04%
佔,2,0.04%
佔據,2,0.04%
作成,2,0.04%
固體,2,0.04%
需先,2,0.04%
供作,2,0.04%
供廢,2,0.04%
供氣,2,0.04%
依待,2,0.04%
離開,2,0.04%
充當,2,0.04%
間必,2,0.04%
間內,2,0.04%
酸鹼,2,0.04%
劃分,2,0.04%
劃,2,0.04%
剷除,2,0.04%
創新,2,0.04%
剪切,2,0.04%
剩餘,2,0.04%
前段,2,0.04%
光亮,2,0.04%
削去,2,0.04%
則要,2,0.04%
釋出,2,0.04%
則用,2,0.04%
釋放,2,0.04%
重回,2,0.04%
邊緣,2,0.04%
邁進,2,0.04%
邁向,2,0.04%
加劑,2,0.04%
加少,2,0.04%
選,2,0.04%
遲滯,2,0.04%
努力,2,0.04%
適,2,0.04%
遠心,2,0.04%
遠,2,0.04%
包,2,0.04%
包箱,2,0.04%
包覆,2,0.04%
化,2,0.04%
過濾器,2,0.04%
過高,2,0.04%
重於,2,0.04%
重測,2,0.04%
刻,2,0.04%
銷售,2,0.04%
開出,2,0.04%
內傳,2,0.04%
內摻,2,0.04%
全新,2,0.04%
全球,2,0.04%
兩,2,0.04%
共,2,0.04%
長出,2,0.04%
共用,2,0.04%
冶金,2,0.04%
錫球,2,0.04%
凝聚,2,0.04%
鋼線,2,0.04%
鋸,2,0.04%
出待,2,0.04%
別於,2,0.04%
出新,2,0.04%
銅箔,2,0.04%
出許,2,0.04%
出量,2,0.04%
分佈,2,0.04%
鈣污,2,0.04%
分工,2,0.04%
鈣,2,0.04%
分散,2,0.04%
鈉,2,0.04%
分流,2,0.04%
切片,2,0.04%
金屬,2,0.04%
判別,2,0.04%
主流,2,0.04%
預防,2,0.04%
主因,2,0.04%
2011,2,0.04%
24,2,0.04%
21%,2,0.04%
聯盟,2,0.04%
連結,2,0.04%
2019,2,0.04%
2017,2,0.04%
劣化,2,0.04%
5%,2,0.04%
1999~2007,2,0.04%
例如,2,0.04%
19%,2,0.04%
18%,2,0.04%
1799,2,0.04%
流體,2,0.04%
25%,2,0.04%
27,2,0.04%
年達,2,0.04%
28,2,0.04%
3%,2,0.04%
3-2,2,0.04%
年代,2,0.04%
量送,2,0.04%
3－92,2,0.04%
4.1,2,0.04%
40%,2,0.04%
43,2,0.04%
量應,2,0.04%
量少,2,0.04%
45,2,0.04%
兩相,2,0.04%
48,2,0.04%
12%,2,0.04%
硫酸,2,0.04%
類似,2,0.04%
(碳酸,2,0.04%
"

 ",2,0.04%
"
 
",2,0.04%
"
 
 
",2,0.04%
都是,2,0.04%
逸散,2,0.04%
"

    

",2,0.04%
"
  
 
",2,0.04%
"
        ",2,0.04%
" 

",2,0.04%
(1,2,0.04%
度差,2,0.04%
(wafer,2,0.04%
度區,2,0.04%
切除,2,0.04%
(磷,2,0.04%
105,2,0.04%
切成,2,0.04%
..,2,0.04%
切出,2,0.04%
立場,2,0.04%
離開,2,0.04%
0217,2,0.04%
0499,2,0.04%
泥窯,2,0.04%
07,2,0.04%
易燃,2,0.04%
1%,2,0.04%
1-7,2,0.04%
1.5,2,0.04%
100%,2,0.04%
若為不,2,0.04%
5.1,2,0.04%
主,2,0.04%
高時,2,0.04%
體成,2,0.04%
下降,2,0.04%
下表,2,0.04%
下為,2,0.04%
體製,2,0.04%
高於,2,0.04%
上市,2,0.04%
50,2,0.04%
三丁酯,2,0.04%
丁醇,2,0.04%
黃光定,2,0.04%
黏貼,2,0.04%
polyimide,2,0.04%
點為,2,0.04%
不等,2,0.04%
不良,2,0.04%
骨材,2,0.04%
丙醇,2,0.04%
驗收,2,0.04%
驗待,2,0.04%
驗,2,0.04%
驅使,2,0.04%
並含,2,0.04%
並會,2,0.04%
並無,2,0.04%
顯影,2,0.04%
顧問,2,0.04%
類,2,0.04%
中和,2,0.04%
中應,2,0.04%
中會,2,0.04%
龍,2,0.04%
更多,2,0.04%
mol/L,2,0.04%
9%,2,0.04%
說服,2,0.04%
不致,2,0.04%
65,2,0.04%
不當,2,0.04%
680,2,0.04%
7.,2,0.04%
76,2,0.04%
77,2,0.04%
不大,2,0.04%
復甦,2,0.04%
83,2,0.04%
84,2,0.04%
率高,2,0.04%
率達,2,0.04%
900,2,0.04%
更為,2,0.04%
91,2,0.04%
978,2,0.04%
冷凍,2,0.04%
A=,2,0.04%
來滿,2,0.04%
來源,2,0.04%
來去,2,0.04%
來分,2,0.04%
拉引,2,0.04%
bonging,2,0.04%
e,2,0.04%
更長,2,0.04%
g,2,0.04%
i,2,0.04%
十二,2,0.04%
烘乾,2,0.04%
吻合,2,0.04%
載具,2,0.04%
連接,2,0.04%
辦理,2,0.04%
半年,2,0.04%
合廢,2,0.04%
速度,2,0.04%
回應,2,0.04%
同力,2,0.04%
運作,2,0.04%
含氟,2,0.04%
各家,2,0.04%
可區,2,0.04%
運,2,0.04%
較弱,2,0.04%
較差,2,0.04%
可說,2,0.04%
造,2,0.04%
送入,2,0.04%
協調,2,0.04%
回顧,2,0.04%
可行,2,0.04%
回預,2,0.04%
單元,2,0.04%
單獨,2,0.04%
占了,2,0.04%
進烘,2,0.04%
迎合,2,0.04%
向前,2,0.04%
取出,2,0.04%
回測,2,0.04%
速度,2,0.04%
因素,2,0.04%
合併,2,0.04%
這段,2,0.04%
造就,2,0.04%
較複,2,0.04%
較短,2,0.04%
受,2,0.04%
輕,2,0.04%
較低,2,0.04%
去掉,2,0.04%
原成,2,0.04%
吉無,2,0.04%
受廢,2,0.04%
合適,2,0.04%
固化,2,0.04%
運轉,2,0.04%
合理,2,0.04%
追上,2,0.04%
合資,2,0.04%
受制,2,0.04%
噴出,2,0.04%
磨擦,1,0.02%
硬化,1,0.02%
硬殼,1,0.02%
破碎,1,0.02%
磨成,1,0.02%
來半,1,0.02%
載入,1,0.02%
買賣,1,0.02%
磊晶層,1,0.02%
來生,1,0.02%
來判,1,0.02%
磷,1,0.02%
費,1,0.02%
碟片,1,0.02%
便捷性,1,0.02%
輕微,1,0.02%
便於,1,0.02%
便會,1,0.02%
來使,1,0.02%
便用,1,0.02%
費時,1,0.02%
較良,1,0.02%
研磨頭,1,0.02%
破滅,1,0.02%
爐管,1,0.02%
碰損,1,0.02%
買方,1,0.02%
來稱呼,1,0.02%
磁場,1,0.02%
載狀,1,0.02%
來維,1,0.02%
來腐蝕,1,0.02%
來計,1,0.02%
確度,1,0.02%
確實,1,0.02%
來進,1,0.02%
確定性,1,0.02%
來達,1,0.02%
載明,1,0.02%
貯料,1,0.02%
冷凝劑,1,0.02%
較重視,1,0.02%
輔導,1,0.02%
磨,1,0.02%
冷凝器,1,0.02%
貴且,1,0.02%
碳需,1,0.02%
冷凝法,1,0.02%
來富集,1,0.02%
碳氫化,1,0.02%
碳吸,1,0.02%
爐內,1,0.02%
碳,1,0.02%
磨削,1,0.02%
磨平,1,0.02%
磚,1,0.02%
研磨盤,1,0.02%
記憶,1,0.02%
研磨墊,1,0.02%
數小時,1,0.02%
矩陣式,1,0.02%
參表,1,0.02%
短小化,1,0.02%
短短,1,0.02%
數種,1,0.02%
短石,1,0.02%
數為,1,0.02%
數,1,0.02%
不足,1,0.02%
短量,1,0.02%
不良品,1,0.02%
石灰石,1,0.02%
不高,1,0.02%
石膏,1,0.02%
石英,1,0.02%
不需,1,0.02%
知識,1,0.02%
知識,1,0.02%
塞物者,1,0.02%
說明該,1,0.02%
看不,1,0.02%
兩個月,1,0.02%
真空,1,0.02%
較無,1,0.02%
亮面,1,0.02%
眼,1,0.02%
督,1,0.02%
瞄準,1,0.02%
瞄率,1,0.02%
若具,1,0.02%
資訊,1,0.02%
較純,1,0.02%
說法,1,0.02%
較能,1,0.02%
知名,1,0.02%
不適,1,0.02%
矽元素,1,0.02%
不予,1,0.02%
礦砂,1,0.02%
不容易,1,0.02%
不容,1,0.02%
貼板,1,0.02%
矽還,1,0.02%
矽酸,1,0.02%
不宜,1,0.02%
矽錠,1,0.02%
矽鑄,1,0.02%
不要,1,0.02%
不好,1,0.02%
貼合,1,0.02%
砂液,1,0.02%
不夠,1,0.02%
不均,1,0.02%
研判,1,0.02%
不停,1,0.02%
不少,1,0.02%
矽甲,1,0.02%
不平,1,0.02%
矽渣,1,0.02%
較貴,1,0.02%
較費,1,0.02%
不盡,1,0.02%
資料,1,0.02%
矽含,1,0.02%
矽導,1,0.02%
矽放,1,0.02%
不用,1,0.02%
貼附,1,0.02%
矽晶棒,1,0.02%
較適當,1,0.02%
矽沾,1,0.02%
不整,1,0.02%
不必,1,0.02%
不影,1,0.02%
浪費,1,0.02%
秤重,1,0.02%
蠟鑲,1,0.02%
競,1,0.02%
立於,1,0.02%
高且,1,0.02%
體電,1,0.02%
體設,1,0.02%
轉化,1,0.02%
體結,1,0.02%
端設,1,0.02%
轉印,1,0.02%
窒息,1,0.02%
讓設,1,0.02%
體用,1,0.02%
競爭者,1,0.02%
符,1,0.02%
體產品,1,0.02%
體燃,1,0.02%
符號,1,0.02%
窯,1,0.02%
高出,1,0.02%
示乃,1,0.02%
高溫內,1,0.02%
高純度,1,0.02%
穩步,1,0.02%
究,1,0.02%
高真,1,0.02%
空並,1,0.02%
高產,1,0.02%
高漲,1,0.02%
空泵,1,0.02%
高密度,1,0.02%
空間,1,0.02%
高溫來,1,0.02%
空間內,1,0.02%
輸出,1,0.02%
象為,1,0.02%
轉入,1,0.02%
高尚,1,0.02%
體板,1,0.02%
轉單,1,0.02%
第七,1,0.02%
篇,1,0.02%
讓產,1,0.02%
節點,1,0.02%
讓晶,1,0.02%
驅動力,1,0.02%
首當,1,0.02%
節流,1,0.02%
首,1,0.02%
簡介,1,0.02%
第三,1,0.02%
餾,1,0.02%
養產,1,0.02%
飽,1,0.02%
簡圖,1,0.02%
飄移,1,0.02%
簡要,1,0.02%
風車,1,0.02%
讓磨,1,0.02%
驚訝,1,0.02%
節約,1,0.02%
節整,1,0.02%
體工,1,0.02%
第六,1,0.02%
讓融化,1,0.02%
等於,1,0.02%
筋,1,0.02%
讓融,1,0.02%
算,1,0.02%
算約,1,0.02%
體上,1,0.02%
管制,1,0.02%
管外,1,0.02%
管線,1,0.02%
管道,1,0.02%
驟,1,0.02%
讓經,1,0.02%
高速,1,0.02%
負,1,0.02%
穩期,1,0.02%
移至,1,0.02%
車運,1,0.02%
移,1,0.02%
移出,1,0.02%
車輸,1,0.02%
更高硬度,1,0.02%
更須,1,0.02%
移向,1,0.02%
貨,1,0.02%
更應,1,0.02%
貢獻,1,0.02%
稀土,1,0.02%
更達,1,0.02%
更趨,1,0.02%
輕便,1,0.02%
程則,1,0.02%
程如,1,0.02%
貨櫃,1,0.02%
滑加,1,0.02%
金廢,1,0.02%
奈米,1,0.02%
拉晶,1,0.02%
拉斷,1,0.02%
拉成,1,0.02%
祈,1,0.02%
秉承,1,0.02%
科學,1,0.02%
輕薄化,1,0.02%
拉升,1,0.02%
藍圖,1,0.02%
落實,1,0.02%
樂觀,1,0.02%
責供,1,0.02%
秒,1,0.02%
秩序,1,0.02%
樂於,1,0.02%
更成,1,0.02%
程步,1,0.02%
高階,1,0.02%
鹼來,1,0.02%
黏貼石,1,0.02%
負型,1,0.02%
黏於,1,0.02%
輸,1,0.02%
黃,1,0.02%
麥泰,1,0.02%
麥,1,0.02%
穎且,1,0.02%
程試,1,0.02%
穩,1,0.02%
鹼廢,1,0.02%
穩健,1,0.02%
穩坐,1,0.02%
鰲頭,1,0.02%
鰭式,1,0.02%
魚鰭,1,0.02%
積出,1,0.02%
積內,1,0.02%
黑,1,0.02%
負擔,1,0.02%
程轉,1,0.02%
輪磨,1,0.02%
更容易,1,0.02%
種用,1,0.02%
種軟,1,0.02%
種類,1,0.02%
負荷,1,0.02%
更加,1,0.02%
更低,1,0.02%
更乾,1,0.02%
龍製,1,0.02%
輯,1,0.02%
點膠,1,0.02%
稱半,1,0.02%
輯設,1,0.02%
兩大,1,0.02%
較敏感,1,0.02%
看完,1,0.02%
立出,1,0.02%
超純,1,0.02%
刺激,1,0.02%
狀況,1,0.02%
粒置,1,0.02%
粒子,1,0.02%
立環,1,0.02%
躋身,1,0.02%
特定,1,0.02%
超純水,1,0.02%
臨整,1,0.02%
特有,1,0.02%
特殊化,1,0.02%
身為,1,0.02%
離法,1,0.02%
特臭,1,0.02%
狀,1,0.02%
切削粉,1,0.02%
切削線,1,0.02%
離出,1,0.02%
爭力,1,0.02%
燒爐,1,0.02%
路板,1,0.02%
營造,1,0.02%
營運,1,0.02%
爐管,1,0.02%
爭議,1,0.02%
爭鳴,1,0.02%
踏勘,1,0.02%
物質,1,0.02%
爾定,1,0.02%
切斷,1,0.02%
片子,1,0.02%
切換,1,0.02%
版,1,0.02%
物性,1,0.02%
物理,1,0.02%
離子源,1,0.02%
裡面,1,0.02%
軟化,1,0.02%
現象,1,0.02%
起來,1,0.02%
現共,1,0.02%
現斷,1,0.02%
易滋生,1,0.02%
現有,1,0.02%
易成,1,0.02%
易建立,1,0.02%
現殺,1,0.02%
車規,1,0.02%
球位,1,0.02%
易伴,1,0.02%
起燃,1,0.02%
律為,1,0.02%
輪磨,1,0.02%
陸續,1,0.02%
起始,1,0.02%
易爆,1,0.02%
易爆物,1,0.02%
獎懲,1,0.02%
理廢,1,0.02%
理業,1,0.02%
獨大,1,0.02%
獨特,1,0.02%
獨立,1,0.02%
理方,1,0.02%
理應會,1,0.02%
理想,1,0.02%
超淨,1,0.02%
易產,1,0.02%
理含,1,0.02%
理包,1,0.02%
理,1,0.02%
超乎,1,0.02%
獲利,1,0.02%
泥,1,0.02%
易碎,1,0.02%
度低,1,0.02%
燒管,1,0.02%
燒成,1,0.02%
然,1,0.02%
無線電,1,0.02%
無缺,1,0.02%
無表,1,0.02%
無論,1,0.02%
無論,1,0.02%
無漏,1,0.02%
都改,1,0.02%
然處,1,0.02%
都會讓,1,0.02%
然要,1,0.02%
都採,1,0.02%
煙囪,1,0.02%
煙霧,1,0.02%
照圖,1,0.02%
跌了,1,0.02%
精製,1,0.02%
無策,1,0.02%
無毒性,1,0.02%
度取,1,0.02%
焚化法,1,0.02%
足以,1,0.02%
２,1,0.02%
館出,1,0.02%
都變,1,0.02%
烷,1,0.02%
焊黏,1,0.02%
焙融,1,0.02%
趨弱,1,0.02%
無毒,1,0.02%
無人,1,0.02%
無塵,1,0.02%
都用,1,0.02%
無形,1,0.02%
趨向,1,0.02%
無機,1,0.02%
都為,1,0.02%
照片,1,0.02%
精簡化,1,0.02%
熔,1,0.02%
度決,1,0.02%
度須,1,0.02%
熱門,1,0.02%
度達,1,0.02%
熱量,1,0.02%
燃氣,1,0.02%
度為,1,0.02%
超濾,1,0.02%
度快,1,0.02%
精密,1,0.02%
跨越,1,0.02%
燃燒法,1,0.02%
超音波,1,0.02%
燈管,1,0.02%
度容易,1,0.02%
度大,1,0.02%
燒並,1,0.02%
熱處,1,0.02%
熱能,1,0.02%
熱管,1,0.02%
熱烘,1,0.02%
益鼎,1,0.02%
熔絲,1,0.02%
見表,1,0.02%
趕上,1,0.02%
距離,1,0.02%
降溫,1,0.02%
行過,1,0.02%
跟隨,1,0.02%
熱並,1,0.02%
熱交,1,0.02%
熱值,1,0.02%
行矽,1,0.02%
行生產,1,0.02%
熱應力,1,0.02%
行可逆,1,0.02%
陸地,1,0.02%
類繁,1,0.02%
兩套,1,0.02%
較強,1,0.02%
發貨,1,0.02%
發轉,1,0.02%
發更,1,0.02%
年縮,1,0.02%
白,1,0.02%
年產品,1,0.02%
年於德州,1,0.02%
百,1,0.02%
發表于,1,0.02%
百分之二,1,0.02%
皆委,1,0.02%
盛有,1,0.02%
年效,1,0.02%
盡,1,0.02%
質佳,1,0.02%
年成立,1,0.02%
年衰,1,0.02%
質多,1,0.02%
盤查,1,0.02%
聯電,1,0.02%
登有,1,0.02%
連線,1,0.02%
發出,1,0.02%
質量,1,0.02%
質鋪,1,0.02%
質量,1,0.02%
質起,1,0.02%
較少,1,0.02%
年開,1,0.02%
煉銅,1,0.02%
年預,1,0.02%
年限,1,0.02%
質產生,1,0.02%
年開始,1,0.02%
發現鈰,1,0.02%
質混,1,0.02%
盤,1,0.02%
年後,1,0.02%
類為,1,0.02%
資金,1,0.02%
較慢,1,0.02%
量計,1,0.02%
量組,1,0.02%
籌建,1,0.02%
量測,1,0.02%
相轉,1,0.02%
較於市,1,0.02%
相適應,1,0.02%
相符,1,0.02%
較有,1,0.02%
相關性,1,0.02%
相隔,1,0.02%
相連,1,0.02%
較淺,1,0.02%
省電,1,0.02%
較為,1,0.02%
相繼,1,0.02%
較惡劣,1,0.02%
目標,1,0.02%
力測,1,0.02%
年占,1,0.02%
直作,1,0.02%
年以,1,0.02%
質(,1,0.02%
直角,1,0.02%
力給,1,0.02%
相,1,0.02%
相到,1,0.02%
較快,1,0.02%
力決,1,0.02%
相差,1,0.02%
力大,1,0.02%
濾材,1,0.02%
濾出,1,0.02%
相燒,1,0.02%
量限,1,0.02%
連續化,1,0.02%
列示,1,0.02%
疫情,1,0.02%
流出,1,0.02%
留少,1,0.02%
留下,1,0.02%
較光亮,1,0.02%
流過,1,0.02%
流速,1,0.02%
流至,1,0.02%
流回,1,0.02%
龍頭,1,0.02%
生產線,1,0.02%
產成,1,0.02%
料須,1,0.02%
購過,1,0.02%
產物,1,0.02%
產特性,1,0.02%
較具,1,0.02%
料酸,1,0.02%
留物,1,0.02%
生產廠,1,0.02%
列舉,1,0.02%
類廢,1,0.02%
瓦,1,0.02%
甚嚴,1,0.02%
軸,1,0.02%
甚廣,1,0.02%
類氣,1,0.02%
甚鉅,1,0.02%
類比,1,0.02%
生命,1,0.02%
生產單,1,0.02%
類別,1,0.02%
生擴,1,0.02%
生斑,1,0.02%
起來,1,0.02%
類予,1,0.02%
類,1,0.02%
走強,1,0.02%
料進行,1,0.02%
料作,1,0.02%
產線,1,0.02%
當屬,1,0.02%
例成,1,0.02%
購併,1,0.02%
例係,1,0.02%
領班,1,0.02%
領域,1,0.02%
靈活,1,0.02%
當地,1,0.02%
當帶,1,0.02%
料上,1,0.02%
當晶,1,0.02%
當矽,1,0.02%
當設,1,0.02%
較好,1,0.02%
當達,1,0.02%
當酸,1,0.02%
當量,1,0.02%
甲烷,1,0.02%
例溶,1,0.02%
例納,1,0.02%
用意,1,0.02%
產能,1,0.02%
購入,1,0.02%
了切片,1,0.02%
甦期,1,0.02%
了除,1,0.02%
用作,1,0.02%
了設計,1,0.02%
了要,1,0.02%
了自,1,0.02%
了縮,1,0.02%
用土,1,0.02%
了業界,1,0.02%
了大,1,0.02%
用完,1,0.02%
用性,1,0.02%
風潮,1,0.02%
轉變,1,0.02%
顯而易見,1,0.02%
藉吸,1,0.02%
錯合性,1,0.02%
薄膜成長,1,0.02%
錯合,1,0.02%
錯,1,0.02%
該規,1,0.02%
錫煙氣,1,0.02%
藉助,1,0.02%
錫煙,1,0.02%
錯合物,1,0.02%
該系統,1,0.02%
錢,1,0.02%
藝術,1,0.02%
錠,1,0.02%
藥物,1,0.02%
蘇,1,0.02%
處僅,1,0.02%
薄片,1,0.02%
蓬勃,1,0.02%
造固化,1,0.02%
蒸汽,1,0.02%
鑲埋,1,0.02%
著重,1,0.02%
鑒於,1,0.02%
鑑,1,0.02%
鑄模,1,0.02%
鑄,1,0.02%
鏡面,1,0.02%
鏈,1,0.02%
蓋了,1,0.02%
鎳等,1,0.02%
鍺成,1,0.02%
蒸鍍,1,0.02%
鍍銀,1,0.02%
鍋內,1,0.02%
蒸餾法,1,0.02%
蓋不平坦,1,0.02%
鋸出,1,0.02%
鋁,1,0.02%
間氣化,1,0.02%
鉬製,1,0.02%
行本,1,0.02%
銅作為,1,0.02%
行業市,1,0.02%
行量,1,0.02%
衍,1,0.02%
該段,1,0.02%
衍生,1,0.02%
術跑,1,0.02%
造業者,1,0.02%
衝擊,1,0.02%
衝罐,1,0.02%
鉀,1,0.02%
該會,1,0.02%
鈣反,1,0.02%
表可,1,0.02%
鈣),1,0.02%
行動,1,0.02%
銅柱,1,0.02%
處達,1,0.02%
該產業,1,0.02%
銷,1,0.02%
該系,1,0.02%
銳利,1,0.02%
銳利,1,0.02%
處理時,1,0.02%
號,1,0.02%
號整,1,0.02%
銲點,1,0.02%
造採,1,0.02%
銨為,1,0.02%
銅鑼,1,0.02%
蝕去,1,0.02%
銅液,1,0.02%
螢光粉,1,0.02%
螯,1,0.02%
螯合物,1,0.02%
著縮,1,0.02%
著積,1,0.02%
著火,1,0.02%
至六,1,0.02%
自行,1,0.02%
至位,1,0.02%
門訂,1,0.02%
至導,1,0.02%
至廠,1,0.02%
至液,1,0.02%
至蒸,1,0.02%
門會,1,0.02%
門評,1,0.02%
致於,1,0.02%
致茂,1,0.02%
致力,1,0.02%
臺灣,1,0.02%
臺北市,1,0.02%
臻,1,0.02%
興建,1,0.02%
自轉,1,0.02%
自資金,1,0.02%
該項,1,0.02%
開花,1,0.02%
這種,1,0.02%
間傳,1,0.02%
膠羽,1,0.02%
臂,1,0.02%
閒置,1,0.02%
開關,1,0.02%
自制化,1,0.02%
開盒,1,0.02%
門負責,1,0.02%
開模,1,0.02%
詳列,1,0.02%
通用,1,0.02%
閃火,1,0.02%
自晶,1,0.02%
自然,1,0.02%
自然界,1,0.02%
門時,1,0.02%
興業,1,0.02%
詳述,1,0.02%
通稱,1,0.02%
長矽單,1,0.02%
萎縮,1,0.02%
萬,1,0.02%
長時,1,0.02%
長於,1,0.02%
詳如,1,0.02%
著下,1,0.02%
長後,1,0.02%
舉,1,0.02%
長度,1,0.02%
著手,1,0.02%
著極,1,0.02%
通訊,1,0.02%
長完,1,0.02%
長到,1,0.02%
著減,1,0.02%
長至,1,0.02%
萃入,1,0.02%
萃),1,0.02%
長薄,1,0.02%
舉擴,1,0.02%
舉步,1,0.02%
舊塗膜,1,0.02%
舊編,1,0.02%
長度,1,0.02%
船期,1,0.02%
長鼎,1,0.02%
良品,1,0.02%
色,1,0.02%
長達,1,0.02%
花,1,0.02%
花費,1,0.02%
苦,1,0.02%
長距,1,0.02%
詳見,1,0.02%
該廠其生,1,0.02%
造法,1,0.02%
鈍態層,1,0.02%
解晶,1,0.02%
觀望,1,0.02%
遭遇,1,0.02%
觀念來,1,0.02%
遭致,1,0.02%
適用性,1,0.02%
解,1,0.02%
適應,1,0.02%
運營,1,0.02%
觀,1,0.02%
遠較,1,0.02%
解過程,1,0.02%
設廠,1,0.02%
運籌,1,0.02%
解離,1,0.02%
遞減,1,0.02%
解離,1,0.02%
運動,1,0.02%
覽該,1,0.02%
配於,1,0.02%
許進發,1,0.02%
許順珠,1,0.02%
規模化,1,0.02%
邊磨,1,0.02%
邊,1,0.02%
還須,1,0.02%
視並,1,0.02%
還解,1,0.02%
視廠,1,0.02%
親自,1,0.02%
邀請,1,0.02%
許多,1,0.02%
視不,1,0.02%
遺漏,1,0.02%
許,1,0.02%
視狀,1,0.02%
選擇率,1,0.02%
達飽,1,0.02%
達清,1,0.02%
達淨化,1,0.02%
討論,1,0.02%
過期,1,0.02%
過強,1,0.02%
過小,1,0.02%
計達,1,0.02%
過大,1,0.02%
過剩,1,0.02%
遍佈,1,0.02%
討過,1,0.02%
解度,1,0.02%
討論,1,0.02%
訝異,1,0.02%
託,1,0.02%
託廠,1,0.02%
運達,1,0.02%
託生產,1,0.02%
記錄,1,0.02%
過濾器,1,0.02%
過長,1,0.02%
訪視,1,0.02%
計獲,1,0.02%
觸,1,0.02%
言,1,0.02%
設光,1,0.02%
設備市,1,0.02%
訂合,1,0.02%
運輸,1,0.02%
達事,1,0.02%
過了,1,0.02%
計出,1,0.02%
運送,1,0.02%
計到,1,0.02%
計外,1,0.02%
過冷,1,0.02%
計好,1,0.02%
計時,1,0.02%
邊角,1,0.02%
註明,1,0.02%
鈉),1,0.02%
裝於,1,0.02%
裝持,1,0.02%
連續體,1,0.02%
重視,1,0.02%
重要者,1,0.02%
進入者,1,0.02%
進口者,1,0.02%
重排,1,0.02%
進微,1,0.02%
重力,1,0.02%
試誤法,1,0.02%
釋廢,1,0.02%
試產,1,0.02%
裝進,1,0.02%
裝配,1,0.02%
進時,1,0.02%
釋入,1,0.02%
重點,1,0.02%
量化,1,0.02%
配生,1,0.02%
衰退,1,0.02%
造為,1,0.02%
該,1,0.02%
針對切,1,0.02%
試車人,1,0.02%
表面平,1,0.02%
金額,1,0.02%
金線,1,0.02%
連,1,0.02%
裝入,1,0.02%
袋口,1,0.02%
連絡,1,0.02%
金,1,0.02%
釐清,1,0.02%
裁切,1,0.02%
釐定,1,0.02%
量測敏,1,0.02%
裡面,1,0.02%
進步,1,0.02%
醚,1,0.02%
覆矽,1,0.02%
酸洗,1,0.02%
酸氣,1,0.02%
酸欲,1,0.02%
覆上,1,0.02%
酚醇,1,0.02%
評價,1,0.02%
酚(,1,0.02%
覆蓋,1,0.02%
醇當,1,0.02%
酒,1,0.02%
覆軍,1,0.02%
配料,1,0.02%
進行量,1,0.02%
規劃署,1,0.02%
配置,1,0.02%
遁形,1,0.02%
覆,1,0.02%
要素,1,0.02%
酸液,1,0.02%
酸腐蝕,1,0.02%
醇為,1,0.02%
醇(,1,0.02%
製定,1,0.02%
製氣,1,0.02%
製磚,1,0.02%
醇,1,0.02%
酸鹼性,1,0.02%
進行化,1,0.02%
製造多,1,0.02%
製造微,1,0.02%
詞,1,0.02%
製造部,1,0.02%
製切,1,0.02%
酸除,1,0.02%
酸鈣,1,0.02%
膠凝槽,1,0.02%
膜移,1,0.02%
粉,1,0.02%
面波,1,0.02%
近年,1,0.02%
面變,1,0.02%
返回,1,0.02%
統進,1,0.02%
面訂,1,0.02%
面磨,1,0.02%
面溢,1,0.02%
經切,1,0.02%
革新,1,0.02%
經回,1,0.02%
經廢棄,1,0.02%
經歷,1,0.02%
經測,1,0.02%
護量,1,0.02%
面曝,1,0.02%
經濃,1,0.02%
統物,1,0.02%
統業,1,0.02%
面旋,1,0.02%
變大,1,0.02%
絕佳,1,0.02%
絕對,1,0.02%
順理,1,0.02%
順應,1,0.02%
給下,1,0.02%
近幾,1,0.02%
順天應人,1,0.02%
統,1,0.02%
統採,1,0.02%
順,1,0.02%
頂部,1,0.02%
統(,1,0.02%
響相,1,0.02%
響氧,1,0.02%
統圖,1,0.02%
響應,1,0.02%
議關,1,0.02%
面成長,1,0.02%
膜上,1,0.02%
需執,1,0.02%
需關,1,0.02%
需達,1,0.02%
網,1,0.02%
需維,1,0.02%
需氧,1,0.02%
需持,1,0.02%
線,1,0.02%
需光,1,0.02%
維艱,1,0.02%
線備,1,0.02%
證明,1,0.02%
需仔,1,0.02%
電路板,1,0.02%
電路圖,1,0.02%
線光阻,1,0.02%
電阻,1,0.02%
需理,1,0.02%
維繫,1,0.02%
議到,1,0.02%
經歷,1,0.02%
面壓,1,0.02%
迫切,1,0.02%
面,1,0.02%
經輸,1,0.02%
經進,1,0.02%
非呈,1,0.02%
經驗,1,0.02%
非凡,1,0.02%
述,1,0.02%
識別,1,0.02%
維,1,0.02%
維修,1,0.02%
識並,1,0.02%
靈便,1,0.02%
需降,1,0.02%
維持酸,1,0.02%
迎來,1,0.02%
結論,1,0.02%
變少,1,0.02%
顆,1,0.02%
約略,1,0.02%
願意,1,0.02%
顏色,1,0.02%
納為,1,0.02%
顆粒,1,0.02%
顆粒,1,0.02%
讓包,1,0.02%
頸開,1,0.02%
系列型,1,0.02%
純設,1,0.02%
純度,1,0.02%
轉不,1,0.02%
領導者,1,0.02%
級乃為,1,0.02%
辛,1,0.02%
級構,1,0.02%
讓國,1,0.02%
系統化,1,0.02%
變強,1,0.02%
轉給,1,0.02%
粉屑,1,0.02%
粗分,1,0.02%
顯現,1,0.02%
粗體,1,0.02%
精,1,0.02%
精做強,1,0.02%
精密,1,0.02%
顯時,1,0.02%
顧,1,0.02%
精準,1,0.02%
顯得,1,0.02%
精細,1,0.02%
記,1,0.02%
顯出,1,0.02%
顧客,1,0.02%
讓多,1,0.02%
領,1,0.02%
頗大,1,0.02%
預見,1,0.02%
結成,1,0.02%
須來,1,0.02%
須更,1,0.02%
須除,1,0.02%
結垢,1,0.02%
須還,1,0.02%
須要,1,0.02%
須藉,1,0.02%
結晶,1,0.02%
素萃,1,0.02%
結束,1,0.02%
須著,1,0.02%
須經,1,0.02%
須盡,1,0.02%
須用,1,0.02%
須採,1,0.02%
須將,1,0.02%
變形,1,0.02%
預定,1,0.02%
組輸,1,0.02%
組裝,1,0.02%
讓I,1,0.02%
辨,1,0.02%
細處,1,0.02%
預見,1,0.02%
預處理,1,0.02%
細部,1,0.02%
變異,1,0.02%
預算,1,0.02%
變酸,1,0.02%
辨認,1,0.02%
變異,1,0.02%
預燒爐,1,0.02%
組合,1,0.02%
預燒,1,0.02%
組織,1,0.02%
電費,1,0.02%
電誘人,1,0.02%
線生產,1,0.02%
考,1,0.02%
附法,1,0.02%
附槽,1,0.02%
送來,1,0.02%
義為,1,0.02%
習慣,1,0.02%
附後,1,0.02%
附塔,1,0.02%
調漲,1,0.02%
送酸,1,0.02%
考前,1,0.02%
附在,1,0.02%
透明,1,0.02%
考察,1,0.02%
調查,1,0.02%
附劑,1,0.02%
透膜,1,0.02%
附碎屑,1,0.02%
談好,1,0.02%
送時,1,0.02%
置並,1,0.02%
除有,1,0.02%
缺席,1,0.02%
除晶,1,0.02%
限於,1,0.02%
罩分,1,0.02%
限作,1,0.02%
限令,1,0.02%
限,1,0.02%
美元,1,0.02%
降級,1,0.02%
請設,1,0.02%
附飽,1,0.02%
附鑽,1,0.02%
羅列,1,0.02%
請教,1,0.02%
美,1,0.02%
透薄,1,0.02%
耐火,1,0.02%
耐蝕,1,0.02%
認知,1,0.02%
途有,1,0.02%
能量,1,0.02%
脫水劑,1,0.02%
誰來,1,0.02%
關於,1,0.02%
關卡,1,0.02%
腐蝕性,1,0.02%
腦(,1,0.02%
透鏡,1,0.02%
腳品,1,0.02%
關停,1,0.02%
關係,1,0.02%
閘極,1,0.02%
認真,1,0.02%
間為,1,0.02%
逕行,1,0.02%
關閉長,1,0.02%
闡述,1,0.02%
背景,1,0.02%
股市,1,0.02%
阻難,1,0.02%
防靜,1,0.02%
耗能,1,0.02%
途徑,1,0.02%
耗費人,1,0.02%
耳分,1,0.02%
聊天,1,0.02%
聘用,1,0.02%
防銹,1,0.02%
防設,1,0.02%
防潮,1,0.02%
聘請,1,0.02%
防治,1,0.02%
防垢,1,0.02%
防,1,0.02%
除殘,1,0.02%
請參,1,0.02%
線連,1,0.02%
總去,1,0.02%
縮到,1,0.02%
退回,1,0.02%
謝,1,0.02%
講者,1,0.02%
雜亂,1,0.02%
縮小化,1,0.02%
縮會,1,0.02%
總結,1,0.02%
緩解,1,0.02%
退火,1,0.02%
雜微,1,0.02%
總裁,1,0.02%
總部,1,0.02%
雙方,1,0.02%
繁殖,1,0.02%
雖然,1,0.02%
難免,1,0.02%
難度,1,0.02%
缺,1,0.02%
編,1,0.02%
電誕,1,0.02%
電漿化,1,0.02%
線鋸,1,0.02%
追蹤,1,0.02%
證到,1,0.02%
追隨者,1,0.02%
緣體,1,0.02%
電源,1,0.02%
難易度,1,0.02%
電極,1,0.02%
電晶,1,0.02%
退,1,0.02%
編制,1,0.02%
編號,1,0.02%
緩,1,0.02%
電壓,1,0.02%
謂純,1,0.02%
謀求,1,0.02%
送交,1,0.02%
續裁,1,0.02%
隔絕,1,0.02%
隔,1,0.02%
續擴,1,0.02%
續獲,1,0.02%
陷來,1,0.02%
陷存,1,0.02%
陰,1,0.02%
送出,1,0.02%
送來,1,0.02%
除金,1,0.02%
續進,1,0.02%
除鹼,1,0.02%
除頭,1,0.02%
纖維,1,0.02%
除油,1,0.02%
除氫,1,0.02%
續持,1,0.02%
續性,1,0.02%
續強化,1,0.02%
隔年,1,0.02%
集型,1,0.02%
集團,1,0.02%
繼,1,0.02%
諱言,1,0.02%
論述,1,0.02%
雄市,1,0.02%
隼次,1,0.02%
續出,1,0.02%
續制,1,0.02%
續呈,1,0.02%
續單,1,0.02%
論,1,0.02%
請見,1,0.02%
險峻,1,0.02%
隔離,1,0.02%
趨龐,1,0.02%
會產,1,0.02%
為龐,1,0.02%
分子,1,0.02%
出所欲,1,0.02%
出散,1,0.02%
出於,1,0.02%
出版,1,0.02%
出版社,1,0.02%
出矽,1,0.02%
出自,1,0.02%
出電性,1,0.02%
分Bin,1,0.02%
分出,1,0.02%
分別,1,0.02%
分割,1,0.02%
分庭,1,0.02%
出廠,1,0.02%
分廢,1,0.02%
分段,1,0.02%
分選,1,0.02%
分離,1,0.02%
分類,1,0.02%
切出,1,0.02%
切斷,1,0.02%
切除,1,0.02%
列印,1,0.02%
初設,1,0.02%
刨削,1,0.02%
利好,1,0.02%
出廢,1,0.02%
出外,1,0.02%
刮板,1,0.02%
兼,1,0.02%
共沸,1,0.02%
其下,1,0.02%
其混,1,0.02%
其為,1,0.02%
其衍,1,0.02%
其衝,1,0.02%
其靈,1,0.02%
其麥,1,0.02%
具作,1,0.02%
具溶,1,0.02%
具長,1,0.02%
具冷,1,0.02%
兼任,1,0.02%
出固,1,0.02%
兼具,1,0.02%
兼顧,1,0.02%
冊編,1,0.02%
再生後,1,0.02%
冶煉,1,0.02%
冷卻時,1,0.02%
准發佈,1,0.02%
凝後,1,0.02%
凸出,1,0.02%
凸塊,1,0.02%
凹凸,1,0.02%
出口,1,0.02%
利往,1,0.02%
刮除,1,0.02%
共享,1,0.02%
劑係,1,0.02%
剝離,1,0.02%
剩少,1,0.02%
剪下,1,0.02%
割(,1,0.02%
割後,1,0.02%
割過,1,0.02%
創造,1,0.02%
劃下,1,0.02%
劃痕,1,0.02%
劃設,1,0.02%
劇減,1,0.02%
劑作,1,0.02%
劑可,1,0.02%
剝落,1,0.02%
劑廢,1,0.02%
劑時,1,0.02%
劑混,1,0.02%
劑產,1,0.02%
劑發,1,0.02%
劑進,1,0.02%
劑達,1,0.02%
劑臨界,1,0.02%
加一,1,0.02%
加劇,1,0.02%
加壓,1,0.02%
加工界,1,0.02%
剝離,1,0.02%
剛剛,1,0.02%
到位,1,0.02%
則系,1,0.02%
到飽,1,0.02%
制裁,1,0.02%
刻印,1,0.02%
刻去,1,0.02%
刻廢,1,0.02%
刻用化,1,0.02%
則介,1,0.02%
則噴,1,0.02%
則應,1,0.02%
則成,1,0.02%
則殘,1,0.02%
則沾附,1,0.02%
則融化,1,0.02%
前兩者,1,0.02%
則視,1,0.02%
則趨,1,0.02%
則需,1,0.02%
則須,1,0.02%
削劑,1,0.02%
前兩者,1,0.02%
前應,1,0.02%
前端,1,0.02%
前行,1,0.02%
前述,1,0.02%
前須,1,0.02%
前題,1,0.02%
共有,1,0.02%
公斤,1,0.02%
供給,1,0.02%
做成,1,0.02%
們建,1,0.02%
們會,1,0.02%
們獲,1,0.02%
們認,1,0.02%
倒,1,0.02%
值介,1,0.02%
值低,1,0.02%
值得一提的是,1,0.02%
值應,1,0.02%
值來,1,0.02%
假設,1,0.02%
做出,1,0.02%
停機,1,0.02%
倍數,1,0.02%
停止,1,0.02%
停產,1,0.02%
側,1,0.02%
側為,1,0.02%
側面,1,0.02%
偵測,1,0.02%
偵測器,1,0.02%
偷,1,0.02%
備以,1,0.02%
備品,1,0.02%
備應,1,0.02%
備業,1,0.02%
們分,1,0.02%
倍增,1,0.02%
備規,1,0.02%
係針對,1,0.02%
依據,1,0.02%
依此,1,0.02%
依連,1,0.02%
侵入,1,0.02%
侷,1,0.02%
侷限,1,0.02%
侷限性,1,0.02%
係分,1,0.02%
係屬,1,0.02%
係指,1,0.02%
係為,1,0.02%
係置,1,0.02%
係預,1,0.02%
個月,1,0.02%
係數,1,0.02%
促,1,0.02%
保之電池,1,0.02%
保守,1,0.02%
保晶片,1,0.02%
保構,1,0.02%
保相輔,1,0.02%
保處,1,0.02%
保證經,1,0.02%
保不,1,0.02%
修正光,1,0.02%
個別,1,0.02%
備裝,1,0.02%
備達,1,0.02%
公佈,1,0.02%
入港,1,0.02%
光會,1,0.02%
光源,1,0.02%
光盤,1,0.02%
免去,1,0.02%
免費,1,0.02%
入),1,0.02%
入具,1,0.02%
入到,1,0.02%
入半,1,0.02%
入庫,1,0.02%
入廢,1,0.02%
入浮,1,0.02%
入石,1,0.02%
光光,1,0.02%
入料,1,0.02%
內半,1,0.02%
內填,1,0.02%
內徑鋸,1,0.02%
內應,1,0.02%
內次,1,0.02%
內置,1,0.02%
內設,1,0.02%
內達,1,0.02%
全名,1,0.02%
全廠,1,0.02%
兩端,1,0.02%
光學,1,0.02%
光來,1,0.02%
備料,1,0.02%
僅考,1,0.02%
傳入,1,0.02%
傳統,1,0.02%
傳送,1,0.02%
傾向,1,0.02%
傾析,1,0.02%
傾聽市,1,0.02%
僅佔,1,0.02%
僅剩,1,0.02%
僅含,1,0.02%
僅從,1,0.02%
僅為,1,0.02%
僅經,1,0.02%
儀錶,1,0.02%
先前,1,0.02%
億,1,0.02%
優於,1,0.02%
優越,1,0.02%
優點,1,0.02%
儲存槽,1,0.02%
元氣,1,0.02%
元計,1,0.02%
充,1,0.02%
充產,1,0.02%
充金,1,0.02%
先予,1,0.02%
先出,1,0.02%
加平,1,0.02%
加掛,1,0.02%
加硼,1,0.02%
周邊,1,0.02%
含礦,1,0.02%
含運,1,0.02%
含高,1,0.02%
含異,1,0.02%
含硫,1,0.02%
吳永俊,1,0.02%
吸,1,0.02%
吸熱,1,0.02%
吸納,1,0.02%
呈現飽,1,0.02%
周,1,0.02%
周內貼,1,0.02%
呼,1,0.02%
含矽,1,0.02%
咖啡因,1,0.02%
員,1,0.02%
員從,1,0.02%
員核,1,0.02%
售予,1,0.02%
商協,1,0.02%
商必,1,0.02%
商會,1,0.02%
商業化,1,0.02%
商蓋,1,0.02%
問,1,0.02%
啟動,1,0.02%
含矽化,1,0.02%
含汞,1,0.02%
單且,1,0.02%
吋晶,1,0.02%
吃,1,0.02%
各界,1,0.02%
合成,1,0.02%
合法,1,0.02%
合熱,1,0.02%
合用,1,0.02%
合約,1,0.02%
合者,1,0.02%
合而,1,0.02%
合裝,1,0.02%
合年,1,0.02%
吋,1,0.02%
吋矽,1,0.02%
含水,1,0.02%
同性,1,0.02%
同時,1,0.02%
同類型,1,0.02%
名,1,0.02%
名為,1,0.02%
向下,1,0.02%
否認,1,0.02%
含H2SO4,1,0.02%
含二,1,0.02%
含廢,1,0.02%
含極,1,0.02%
含氯,1,0.02%
單,1,0.02%
單位,1,0.02%
加空,1,0.02%
圖3,1,0.02%
圓具,1,0.02%
圓增,1,0.02%
圓多,1,0.02%
圓弧形,1,0.02%
圓拋,1,0.02%
圓材,1,0.02%
圓破,1,0.02%
圓置,1,0.02%
圓行,1,0.02%
圓變,1,0.02%
圓鋸,1,0.02%
圓切片,1,0.02%
圖6,1,0.02%
圓上,1,0.02%
圖7,1,0.02%
圖將,1,0.02%
圖形,1,0.02%
圖書,1,0.02%
圖案化,1,0.02%
圖直,1,0.02%
圖示,1,0.02%
團轉,1,0.02%
土作為,1,0.02%
在建,1,0.02%
地化,1,0.02%
地置,1,0.02%
圓代,1,0.02%
園區,1,0.02%
單光子,1,0.02%
回火,1,0.02%
單到,1,0.02%
單晶矽,1,0.02%
嘴霧化,1,0.02%
器置,1,0.02%
噴嘴,1,0.02%
噴射,1,0.02%
噴砂,1,0.02%
噴霧器,1,0.02%
嚴苛,1,0.02%
四類,1,0.02%
回收酸,1,0.02%
回歸,1,0.02%
回送,1,0.02%
圍內,1,0.02%
回復,1,0.02%
因子,1,0.02%
因無,1,0.02%
困擾,1,0.02%
固液,1,0.02%
固須,1,0.02%
固體物,1,0.02%
國,1,0.02%
國內,1,0.02%
國外市,1,0.02%
國積,1,0.02%
國際,1,0.02%
右為,1,0.02%
右圖,1,0.02%
台外,1,0.02%
半導體IC,1,0.02%
區光阻,1,0.02%
區堿,1,0.02%
區塊,1,0.02%
區氧化,1,0.02%
區間,1,0.02%
十,1,0.02%
升,1,0.02%
升產,1,0.02%
升至,1,0.02%
升起,1,0.02%
半功倍之效,1,0.02%
半合,1,0.02%
半徑,1,0.02%
區代,1,0.02%
半成品,1,0.02%
半溶化,1,0.02%
半年,1,0.02%
協商,1,0.02%
博士,1,0.02%
占市,1,0.02%
印,1,0.02%
印上,1,0.02%
印刷,1,0.02%
印式,1,0.02%
印有,1,0.02%
即予,1,0.02%
區作,1,0.02%
匹,1,0.02%
可見,1,0.02%
務生,1,0.02%
加裝,1,0.02%
加設,1,0.02%
加載,1,0.02%
加鹽,1,0.02%
加料,1,0.02%
助凝,1,0.02%
助於,1,0.02%
動土,1,0.02%
動大,1,0.02%
動晶,1,0.02%
動為,1,0.02%
動更,1,0.02%
勝任,1,0.02%
化年,1,0.02%
勢來,1,0.02%
勻覆,1,0.02%
勻度,1,0.02%
匆,1,0.02%
化學品,1,0.02%
化廠,1,0.02%
化時,1,0.02%
化為,1,0.02%
化物,1,0.02%
化生產,1,0.02%
化設,1,0.02%
化鈣,1,0.02%
即成,1,0.02%
即時,1,0.02%
卷帶式,1,0.02%
可為,1,0.02%
受熱,1,0.02%
受益,1,0.02%
受限,1,0.02%
只能,1,0.02%
召約,1,0.02%
可予,1,0.02%
可從,1,0.02%
可惜,1,0.02%
可期,1,0.02%
可歸,1,0.02%
可氧化,1,0.02%
可溶,1,0.02%
可燃,1,0.02%
卻會,1,0.02%
可生,1,0.02%
可節,1,0.02%
可細,1,0.02%
可自室,1,0.02%
可行,1,0.02%
可說,1,0.02%
可讓,1,0.02%
可貼,1,0.02%
可達,1,0.02%
可適,1,0.02%
可除,1,0.02%
可行性,1,0.02%
受汙,1,0.02%
受損,1,0.02%
受惠於,1,0.02%
取而代,1,0.02%
卻步,1,0.02%
厚,1,0.02%
厚度,1,0.02%
厚度,1,0.02%
原作者,1,0.02%
原則,1,0.02%
原反,1,0.02%
原始,1,0.02%
原有,1,0.02%
原液,1,0.02%
原爐,1,0.02%
參數,1,0.02%
參考,1,0.02%
參考市,1,0.02%
友善,1,0.02%
反射膜,1,0.02%
反應器,1,0.02%
反應室,1,0.02%
反應爐,1,0.02%
取劑,1,0.02%
取名,1,0.02%
取樣,1,0.02%
取法,1,0.02%
取策,1,0.02%
取締,1,0.02%
供製,1,0.02%
供相,1,0.02%
地說,1,0.02%
37%,1,0.02%
2mole,1,0.02%
3-1,1,0.02%
3.5,1,0.02%
30,1,0.02%
32~41,1,0.02%
33,1,0.02%
339,1,0.02%
34,1,0.02%
"35,000",1,0.02%
351,1,0.02%
360,1,0.02%
362,1,0.02%
375,1,0.02%
29,1,0.02%
38,1,0.02%
388,1,0.02%
4.5,1,0.02%
40,1,0.02%
400,1,0.02%
418,1,0.02%
433,1,0.02%
44%,1,0.02%
450,1,0.02%
46,1,0.02%
46%,1,0.02%
47%,1,0.02%
2936,1,0.02%
285,1,0.02%
480,1,0.02%
20%,1,0.02%
1975,1,0.02%
1984,1,0.02%
1987~1995,1,0.02%
1991,1,0.02%
1995,1,0.02%
1995~2020,1,0.02%
1998,1,0.02%
1°內,1,0.02%
2%,1,0.02%
"2,600",1,0.02%
2.2,1,0.02%
2.3,1,0.02%
200,1,0.02%
270,1,0.02%
2002,1,0.02%
2009~2017,1,0.02%
2010,1,0.02%
2020,1,0.02%
2021年,1,0.02%
2040,1,0.02%
20％,1,0.02%
223,1,0.02%
229,1,0.02%
23,1,0.02%
2408,1,0.02%
250瓦,1,0.02%
470,1,0.02%
482,1,0.02%
1960年代,1,0.02%
82~98,1,0.02%
75%,1,0.02%
750,1,0.02%
765,1,0.02%
775,1,0.02%
787,1,0.02%
788,1,0.02%
79,1,0.02%
7~10,1,0.02%
800,1,0.02%
805,1,0.02%
80％,1,0.02%
82,1,0.02%
85%,1,0.02%
74,1,0.02%
850,1,0.02%
8573－91,1,0.02%
85％,1,0.02%
860,1,0.02%
875,1,0.02%
89,1,0.02%
890,1,0.02%
9.0,1,0.02%
910,1,0.02%
920,1,0.02%
94,1,0.02%
940,1,0.02%
75,1,0.02%
723,1,0.02%
49,1,0.02%
60%,1,0.02%
5.2,1,0.02%
50%,1,0.02%
52,1,0.02%
52g/l,1,0.02%
55,1,0.02%
554,1,0.02%
558,1,0.02%
56,1,0.02%
58,1,0.02%
580,1,0.02%
584,1,0.02%
60,1,0.02%
600,1,0.02%
71,1,0.02%
609,1,0.02%
61,1,0.02%
610,1,0.02%
620,1,0.02%
631,1,0.02%
64,1,0.02%
655,1,0.02%
67,1,0.02%
68,1,0.02%
688,1,0.02%
6mol,1,0.02%
70,1,0.02%
1968,1,0.02%
1960,1,0.02%
供泄漏,1,0.02%
...................................................,1,0.02%
(光,1,0.02%
(接,1,0.02%
(氫,1,0.02%
(氰化,1,0.02%
(水,1,0.02%
(用磷,1,0.02%
(稱,1,0.02%
(裝片,1,0.02%
(閘,1,0.02%
(雙,1,0.02%
)燃,1,0.02%
)砂,1,0.02%
...................................................................,1,0.02%
(include,1,0.02%
...........................................................................,1,0.02%
..............................................................................,1,0.02%
0.6,1,0.02%
0.7,1,0.02%
0.8,1,0.02%
00,1,0.02%
00003,1,0.02%
0001,1,0.02%
0004,1,0.02%
0005,1,0.02%
0009,1,0.02%
001,1,0.02%
(rinse),1,0.02%
(Di-isopropyl,1,0.02%
0013,1,0.02%
"

 

",1,0.02%
"

 


 ",1,0.02%
"

 


 
",1,0.02%
"

  ",1,0.02%
"
 ",1,0.02%
"
 

",1,0.02%
"
  ",1,0.02%
"
  
  
  
",1,0.02%
"
  
  
  
  

",1,0.02%
"
          ",1,0.02%
"
	
",1,0.02%
"




",1,0.02%
"


　　",1,0.02%
"

   

",1,0.02%
%間,1,0.02%
"

       ",1,0.02%
"

       

",1,0.02%
"
 ",1,0.02%
"
 
 
",1,0.02%
"
         ",1,0.02%
"
                  
 
",1,0.02%
" 
",1,0.02%
" 


",1,0.02%
" 
 

",1,0.02%
" 
 
  
",1,0.02%
"  

",1,0.02%
"                                          

",1,0.02%
0011,1,0.02%
0017,1,0.02%
1958~1959,1,0.02%
130nm,1,0.02%
1099,1,0.02%
10~15,1,0.02%
10~20,1,0.02%
10~25,1,0.02%
110,1,0.02%
111,1,0.02%
115,1,0.02%
118,1,0.02%
120,1,0.02%
1275,1,0.02%
13%,1,0.02%
130,1,0.02%
130~150,1,0.02%
103,1,0.02%
14%,1,0.02%
1414,1,0.02%
1420,1,0.02%
16,1,0.02%
1801,1,0.02%
180nm,1,0.02%
1886,1,0.02%
18~24,1,0.02%
1925,1,0.02%
1943,1,0.02%
1947,1,0.02%
1950,1,0.02%
106,1,0.02%
1009602298,1,0.02%
0027,1,0.02%
0699,1,0.02%
005,1,0.02%
0050,1,0.02%
0104,1,0.02%
02,1,0.02%
0201,1,0.02%
0202,1,0.02%
0299,1,0.02%
035,1,0.02%
0399,1,0.02%
056,1,0.02%
0615,1,0.02%
0629,1,0.02%
06~07,1,0.02%
10.2,1,0.02%
0701,1,0.02%
0799,1,0.02%
08,1,0.02%
0803,1,0.02%
0899,1,0.02%
0902,1,0.02%
0999,1,0.02%
1-1,1,0.02%
1-2,1,0.02%
1-6,1,0.02%
1.2,1,0.02%
10%,1,0.02%
950,1,0.02%
986,1,0.02%
99,1,0.02%
事矽,1,0.02%
中鋼,1,0.02%
主成,1,0.02%
主議題,1,0.02%
乃屬,1,0.02%
乃指,1,0.02%
乙烷,1,0.02%
乳化型,1,0.02%
乾式,1,0.02%
乾蝕,1,0.02%
事,1,0.02%
事廢,1,0.02%
事業,1,0.02%
二氧化,1,0.02%
中研,1,0.02%
井然有序,1,0.02%
亞洲,1,0.02%
亟待,1,0.02%
交,1,0.02%
交予,1,0.02%
交替,1,0.02%
交給,1,0.02%
亦步,1,0.02%
享,1,0.02%
享受,1,0.02%
享有,1,0.02%
亮眼,1,0.02%
中鋪,1,0.02%
中用,1,0.02%
人力,1,0.02%
並確,1,0.02%
並帶,1,0.02%
並待,1,0.02%
並應,1,0.02%
並拉長,1,0.02%
並排,1,0.02%
並接,1,0.02%
並摻,1,0.02%
並添,1,0.02%
並減,1,0.02%
並產生,1,0.02%
並監,1,0.02%
並研,1,0.02%
並簽,1,0.02%
中斷,1,0.02%
並結,1,0.02%
並進行,1,0.02%
並達,1,0.02%
並選,1,0.02%
並配,1,0.02%
並非,1,0.02%
並預,1,0.02%
並不會,1,0.02%
中分,1,0.02%
中常,1,0.02%
中心,1,0.02%
中文,1,0.02%
人眼,1,0.02%
什麼,1,0.02%
99%,1,0.02%
來應,1,0.02%
作水,1,0.02%
作灌,1,0.02%
作許,1,0.02%
作電性,1,0.02%
佳化,1,0.02%
併發生,1,0.02%
使用者,1,0.02%
使空,1,0.02%
使切,1,0.02%
來判,1,0.02%
來印,1,0.02%
來尋,1,0.02%
來擴,1,0.02%
佔了,1,0.02%
來檢,1,0.02%
來沉,1,0.02%
來源,1,0.02%
來獲,1,0.02%
來矽化,1,0.02%
來腐蝕,1,0.02%
來自,1,0.02%
來融化,1,0.02%
來表徵,1,0.02%
來製,1,0.02%
來驅,1,0.02%
例來,1,0.02%
何評,1,0.02%
低切,1,0.02%
介入,1,0.02%
估供,1,0.02%
介面,1,0.02%
付,1,0.02%
付清,1,0.02%
代既,1,0.02%
代碼,1,0.02%
令,1,0.02%
以利,1,0.02%
以廢,1,0.02%
以往,1,0.02%
以氧化,1,0.02%
以防,1,0.02%
件,1,0.02%
估新,1,0.02%
低廉,1,0.02%
估算,1,0.02%
伴隨市,1,0.02%
伸出,1,0.02%
似於市,1,0.02%
佈植,1,0.02%
位居,1,0.02%
低),1,0.02%
低廉,1,0.02%
低時,1,0.02%
低毒性,1,0.02%
低調,1,0.02%
低電,1,0.02%
並委,1,0.02%
並外,1,0.02%
並回,1,0.02%
j,1,0.02%
cetate(,1,0.02%
chamber,1,0.02%
chip,1,0.02%
controller,1,0.02%
d,1,0.02%
enesas,1,0.02%
epoxy,1,0.02%
ether,1,0.02%
e＝物,1,0.02%
fabrication,1,0.02%
head),1,0.02%
http:,1,0.02%
ketone(M,1,0.02%
b,1,0.02%
kwh,1,0.02%
lurry),1,0.02%
max,1,0.02%
mount,1,0.02%
mount／die,1,0.02%
n],1,0.02%
onda,1,0.02%
os,1,0.02%
ow,1,0.02%
p,1,0.02%
package,1,0.02%
pita,1,0.02%
bond,1,0.02%
ands,1,0.02%
並合,1,0.02%
M10,1,0.02%
991,1,0.02%
Acetic,1,0.02%
AsH3加熱,1,0.02%
A＝均化,1,0.02%
Cost,1,0.02%
C則會,1,0.02%
D$6,1,0.02%
EUV外,1,0.02%
FP發展,1,0.02%
H2O2-HCl,1,0.02%
IP為,1,0.02%
M1,1,0.02%
M20,1,0.02%
[ln(1,1,0.02%
M30,1,0.02%
Micro,1,0.02%
O點,1,0.02%
Pump)輸送,1,0.02%
Recovery,1,0.02%
Rikasole去除,1,0.02%
S$M,1,0.02%
Separation,1,0.02%
SiP市,1,0.02%
US$M,1,0.02%
WAT測試,1,0.02%
WLP技術,1,0.02%
pm,1,0.02%
rom,1,0.02%
roup,1,0.02%
不宜,1,0.02%
下來,1,0.02%
下半層,1,0.02%
下台,1,0.02%
下圖,1,0.02%
下方,1,0.02%
下會,1,0.02%
下游,1,0.02%
下行,1,0.02%
下列,1,0.02%
下降,1,0.02%
不利,1,0.02%
不可避免,1,0.02%
不會,1,0.02%
sputtering,1,0.02%
不良品,1,0.02%
世代,1,0.02%
丙,1,0.02%
丙酮,1,0.02%
丟棄,1,0.02%
丟除,1,0.02%
並,1,0.02%
並予,1,0.02%
並伸,1,0.02%
並促,1,0.02%
並切,1,0.02%
並加,1,0.02%
上開,1,0.02%
上班,1,0.02%
上游,1,0.02%
上海,1,0.02%
sushita,1,0.02%
trim,1,0.02%
ujits,1,0.02%
wt%,1,0.02%
{ln[A,1,0.02%
~含,1,0.02%
×設,1,0.02%
–金屬,1,0.02%
≧,1,0.02%
◎中國,1,0.02%
◎圓,1,0.02%
◎幸,1,0.02%
◎倫鼎,1,0.02%
　,1,0.02%
一千二百,1,0.02%
一家,1,0.02%
三個月,1,0.02%
三價,1,0.02%
三合化,1,0.02%
三大,1,0.02%
上下料,1,0.02%
上下料,1,0.02%
上並,1,0.02%
上半年,1,0.02%
上應,1,0.02%
地量,1,0.02%
均委,1,0.02%
為類,1,0.02%
期望,1,0.02%
會運,1,0.02%
會面,1,0.02%
會落,1,0.02%
會留,1,0.02%
會降,1,0.02%
月,1,0.02%
月底,1,0.02%
月為,1,0.02%
有利於,1,0.02%
有助,1,0.02%
有化,1,0.02%
期待,1,0.02%
木屑,1,0.02%
會逐,1,0.02%
本次,1,0.02%
本章,1,0.02%
本節,1,0.02%
材,1,0.02%
材質,1,0.02%
束手,1,0.02%
東,1,0.02%
析出,1,0.02%
架置,1,0.02%
架須,1,0.02%
染源,1,0.02%
柱床式,1,0.02%
會造,1,0.02%
會變化,1,0.02%
柱磨,1,0.02%
會導,1,0.02%
晶電性,1,0.02%
暫且,1,0.02%
暫停,1,0.02%
暫告,1,0.02%
曝,1,0.02%
曝露,1,0.02%
曝露,1,0.02%
更,1,0.02%
最前端,1,0.02%
會上,1,0.02%
會儘,1,0.02%
會出,1,0.02%
會影,1,0.02%
會變,1,0.02%
會採,1,0.02%
會擴,1,0.02%
會生,1,0.02%
會產生Hold,1,0.02%
會略,1,0.02%
會發,1,0.02%
會發生,1,0.02%
會發行,1,0.02%
會盡,1,0.02%
會瞬,1,0.02%
會給,1,0.02%
會縮,1,0.02%
柱擁,1,0.02%
柵板,1,0.02%
晶柱,1,0.02%
模採,1,0.02%
構裝業,1,0.02%
構造,1,0.02%
構造如,1,0.02%
槽宜,1,0.02%
槽底,1,0.02%
樂觀,1,0.02%
標,1,0.02%
標區,1,0.02%
標準化,1,0.02%
標準型,1,0.02%
模上,1,0.02%
模對,1,0.02%
模擬線路,1,0.02%
構如,1,0.02%
模達,1,0.02%
機到,1,0.02%
機器,1,0.02%
機混,1,0.02%
機物,1,0.02%
機複,1,0.02%
機進行,1,0.02%
機運,1,0.02%
機配,1,0.02%
檢,1,0.02%
次,1,0.02%
欲分,1,0.02%
構晶,1,0.02%
構出,1,0.02%
核可即,1,0.02%
業生,1,0.02%
核得,1,0.02%
格波,1,0.02%
案例,1,0.02%
案例,1,0.02%
梓,1,0.02%
條,1,0.02%
棄置,1,0.02%
棉,1,0.02%
棒切,1,0.02%
楊梅,1,0.02%
業來,1,0.02%
業持,1,0.02%
業稱,1,0.02%
構,1,0.02%
業言,1,0.02%
業進,1,0.02%
業面,1,0.02%
極,1,0.02%
極地,1,0.02%
極均,1,0.02%
極為,1,0.02%
極發,1,0.02%
極細,1,0.02%
極限,1,0.02%
極高,1,0.02%
概況,1,0.02%
晶格,1,0.02%
晶切,1,0.02%
擴廠,1,0.02%
新浪,1,0.02%
散出,1,0.02%
散外,1,0.02%
散於,1,0.02%
散速,1,0.02%
散進,1,0.02%
整氣,1,0.02%
整體,1,0.02%
數量,1,0.02%
斜,1,0.02%
新加坡,1,0.02%
新店市,1,0.02%
新廠,1,0.02%
新穎,1,0.02%
效益,1,0.02%
新竹,1,0.02%
新鮮,1,0.02%
斷線,1,0.02%
斷薄膜,1,0.02%
斷裂,1,0.02%
方可,1,0.02%
方向性,1,0.02%
方格,1,0.02%
方格內,1,0.02%
方案,1,0.02%
於作為,1,0.02%
於促,1,0.02%
敏感,1,0.02%
效減,1,0.02%
於分離,1,0.02%
收益率,1,0.02%
擴散須,1,0.02%
擾,1,0.02%
攜,1,0.02%
攝,1,0.02%
支,1,0.02%
支持台,1,0.02%
支撐,1,0.02%
收再,1,0.02%
收到,1,0.02%
收劑,1,0.02%
收溶,1,0.02%
收獲,1,0.02%
收縮,1,0.02%
效且,1,0.02%
收音機,1,0.02%
改質,1,0.02%
改進,1,0.02%
改良,1,0.02%
放大,1,0.02%
放於,1,0.02%
放量,1,0.02%
故必,1,0.02%
故應,1,0.02%
故改,1,0.02%
故稱,1,0.02%
效,1,0.02%
於元,1,0.02%
於半,1,0.02%
晶冠,1,0.02%
明,1,0.02%
於適,1,0.02%
於除,1,0.02%
於驅,1,0.02%
於數,1,0.02%
於類,1,0.02%
施工,1,0.02%
旋,1,0.02%
旋流,1,0.02%
既有,1,0.02%
日函,1,0.02%
旨在,1,0.02%
昇,1,0.02%
明年,1,0.02%
於連,1,0.02%
明採,1,0.02%
時宜,1,0.02%
時容,1,0.02%
時必,1,0.02%
時應,1,0.02%
時滴,1,0.02%
時程圖,1,0.02%
時能,1,0.02%
時製,1,0.02%
時點,1,0.02%
晉,1,0.02%
晶元,1,0.02%
於過,1,0.02%
於載,1,0.02%
於協,1,0.02%
於新,1,0.02%
於去,1,0.02%
於同,1,0.02%
於回,1,0.02%
於圖,1,0.02%
於多,1,0.02%
於寬,1,0.02%
於將,1,0.02%
於少,1,0.02%
於帶,1,0.02%
於廠內,1,0.02%
於從,1,0.02%
於拋,1,0.02%
於晶,1,0.02%
於較,1,0.02%
於有,1,0.02%
於比,1,0.02%
於氧化,1,0.02%
於無,1,0.02%
於石,1,0.02%
於能,1,0.02%
於薄,1,0.02%
於處,1,0.02%
於表,1,0.02%
於註明,1,0.02%
於該,1,0.02%
於購,1,0.02%
欲回,1,0.02%
欲實,1,0.02%
止,1,0.02%
滌回,1,0.02%
湧出,1,0.02%
源極,1,0.02%
源自,1,0.02%
準確,1,0.02%
溜過,1,0.02%
溢流,1,0.02%
溫昇,1,0.02%
溫正華,1,0.02%
溫至,1,0.02%
溫融化,1,0.02%
溶入,1,0.02%
溶纖,1,0.02%
滌液,1,0.02%
測量,1,0.02%
滌確,1,0.02%
滯留,1,0.02%
滲,1,0.02%
滲透,1,0.02%
滲漏油,1,0.02%
滴入,1,0.02%
滿載,1,0.02%
演算,1,0.02%
演變,1,0.02%
演進,1,0.02%
漲價,1,0.02%
漲更,1,0.02%
游矽,1,0.02%
測距,1,0.02%
漸趨,1,0.02%
添加酸,1,0.02%
淨化,1,0.02%
淨更,1,0.02%
淨度,1,0.02%
深,1,0.02%
深刻,1,0.02%
深度,1,0.02%
深遠,1,0.02%
混凝劑,1,0.02%
混合液,1,0.02%
混和,1,0.02%
混摻,1,0.02%
混會,1,0.02%
添加切,1,0.02%
測出,1,0.02%
清單,1,0.02%
清宇,1,0.02%
清晰,1,0.02%
清晰且,1,0.02%
清查,1,0.02%
清洗法,1,0.02%
清理,1,0.02%
清運,1,0.02%
減去,1,0.02%
減壓,1,0.02%
減緩,1,0.02%
渣,1,0.02%
漲率,1,0.02%
漿料,1,0.02%
正比,1,0.02%
為生,1,0.02%
為平,1,0.02%
為廣,1,0.02%
為影,1,0.02%
為成品,1,0.02%
為持,1,0.02%
為搶,1,0.02%
為校,1,0.02%
為步,1,0.02%
為減,1,0.02%
為熱,1,0.02%
為營,1,0.02%
為環,1,0.02%
為矽,1,0.02%
為實,1,0.02%
為硝,1,0.02%
為磷,1,0.02%
為積,1,0.02%
為純化,1,0.02%
為良率,1,0.02%
為評,1,0.02%
為該,1,0.02%
為負,1,0.02%
為鋁,1,0.02%
為鍍,1,0.02%
為開,1,0.02%
為非,1,0.02%
為市,1,0.02%
為大,1,0.02%
潔,1,0.02%
灌膠,1,0.02%
潔生,1,0.02%
潛,1,0.02%
潤滑,1,0.02%
潮濕,1,0.02%
澳,1,0.02%
激增,1,0.02%
激烈,1,0.02%
濃度,1,0.02%
濕,1,0.02%
濕乾化,1,0.02%
濕式,1,0.02%
濟,1,0.02%
灑冷,1,0.02%
為含,1,0.02%
灣信,1,0.02%
灣設,1,0.02%
炭素,1,0.02%
為Cl2,1,0.02%
為I,1,0.02%
為IC,1,0.02%
為PGA,1,0.02%
為人,1,0.02%
為先,1,0.02%
為兩,1,0.02%
為分,1,0.02%
為去,1,0.02%
淨且,1,0.02%
涵蓋,1,0.02%
涵括,1,0.02%
水沖洗,1,0.02%
氫),1,0.02%
氫氧化鉀,1,0.02%
氮氣,1,0.02%
氰廢液,1,0.02%
水),1,0.02%
水平,1,0.02%
水成,1,0.02%
水擬,1,0.02%
水果香,1,0.02%
水標準,1,0.02%
水水質,1,0.02%
水污,1,0.02%
水溶,1,0.02%
氧到,1,0.02%
水為主,1,0.02%
水緩,1,0.02%
水蒸氣,1,0.02%
水處理,1,0.02%
水質,1,0.02%
水躍式,1,0.02%
水進行,1,0.02%
水電,1,0.02%
水量並,1,0.02%
水泥窯,1,0.02%
永續,1,0.02%
求,1,0.02%
氧化層,1,0.02%
氧作用,1,0.02%
涵,1,0.02%
比重,1,0.02%
正貴,1,0.02%
正面,1,0.02%
步進,1,0.02%
歷經,1,0.02%
歸功,1,0.02%
歸屬,1,0.02%
殘,1,0.02%
殘渣,1,0.02%
殘留,1,0.02%
每次,1,0.02%
每道,1,0.02%
比定,1,0.02%
毛利率,1,0.02%
氦氣,1,0.02%
民眾,1,0.02%
氟,1,0.02%
氟化,1,0.02%
氣壓,1,0.02%
氣大,1,0.02%
氣度,1,0.02%
氣濕式,1,0.02%
氣相,1,0.02%
氣達,1,0.02%
氣體係,1,0.02%
氣流,1,0.02%
氣流來,1,0.02%
求免,1,0.02%
污染質,1,0.02%
汰換,1,0.02%
流出,1,0.02%
注於,1,0.02%
注重,1,0.02%
泵,1,0.02%
泵(,1,0.02%
泵定,1,0.02%
洗淨,1,0.02%
洗滌塔,1,0.02%
洩漏,1,0.02%
活潑,1,0.02%
活耀,1,0.02%
洽詢,1,0.02%
流入,1,0.02%
流程,1,0.02%
汲,1,0.02%
浮,1,0.02%
浮渣,1,0.02%
浸入,1,0.02%
浸錫,1,0.02%
消,1,0.02%
消失,1,0.02%
消費性,1,0.02%
液中,1,0.02%
液界,1,0.02%
液轉,1,0.02%
液轉化,1,0.02%
液迴,1,0.02%
注入,1,0.02%
泡附,1,0.02%
泛稱,1,0.02%
法降,1,0.02%
汲取,1,0.02%
決於,1,0.02%
決策人,1,0.02%
沈積,1,0.02%
沈積氧,1,0.02%
沉,1,0.02%
沸物,1,0.02%
沸騰,1,0.02%
油並,1,0.02%
油滴,1,0.02%
油調,1,0.02%
沾印,1,0.02%
沿用,1,0.02%
況,1,0.02%
況加,1,0.02%
況略,1,0.02%
泊優,1,0.02%
法介,1,0.02%
法來,1,0.02%
法回,1,0.02%
法將,1,0.02%
法生,1,0.02%
法規,1,0.02%
法達,1,0.02%
法部,1,0.02%
擴建,1,0.02%
擴增,1,0.02%
坏,1,0.02%
少須,1,0.02%
對設,1,0.02%
對重力,1,0.02%
導出,1,0.02%
導到,1,0.02%
導航,1,0.02%
小下,1,0.02%
小並,1,0.02%
小則,1,0.02%
小心,1,0.02%
小時,1,0.02%
小球,1,0.02%
少排,1,0.02%
少金,1,0.02%
對易碎,1,0.02%
尚未,1,0.02%
尤其是,1,0.02%
尾款,1,0.02%
局,1,0.02%
局部,1,0.02%
展會,1,0.02%
展現,1,0.02%
展而,1,0.02%
屢,1,0.02%
層上,1,0.02%
層黏,1,0.02%
屬必,1,0.02%
對照,1,0.02%
對手,1,0.02%
屬錯,1,0.02%
將置,1,0.02%
封測,1,0.02%
封裝型,1,0.02%
封閉,1,0.02%
射光,1,0.02%
將具,1,0.02%
將前,1,0.02%
將去,1,0.02%
將參,1,0.02%
將導,1,0.02%
將成,1,0.02%
將摻,1,0.02%
將混,1,0.02%
將致,1,0.02%
對意,1,0.02%
將裝,1,0.02%
將趨,1,0.02%
將電路,1,0.02%
將預備,1,0.02%
專業,1,0.02%
專注,1,0.02%
專用,1,0.02%
專門,1,0.02%
專利,1,0.02%
尊為,1,0.02%
尋找,1,0.02%
尋求,1,0.02%
屬擴,1,0.02%
屬離,1,0.02%
寬,1,0.02%
廠時,1,0.02%
年,1,0.02%
幾家,1,0.02%
幾年,1,0.02%
幾百,1,0.02%
序來,1,0.02%
底定,1,0.02%
底部,1,0.02%
度,1,0.02%
座,1,0.02%
庫中,1,0.02%
庫存,1,0.02%
廠別,1,0.02%
廠生,1,0.02%
平等,1,0.02%
廠進,1,0.02%
廠開,1,0.02%
廢晶,1,0.02%
廢混酸,1,0.02%
廢磷酸,1,0.02%
廢紙,1,0.02%
廢集,1,0.02%
廣,1,0.02%
廣人,1,0.02%
延到,1,0.02%
建全,1,0.02%
引入,1,0.02%
平行,1,0.02%
平穩,1,0.02%
崛起,1,0.02%
布局,1,0.02%
崩裂,1,0.02%
崩裂,1,0.02%
嵌入,1,0.02%
工,1,0.02%
工件,1,0.02%
工具,1,0.02%
工研院,1,0.02%
工細,1,0.02%
差排,1,0.02%
差異化,1,0.02%
市,1,0.02%
布光,1,0.02%
師根,1,0.02%
平滑如鏡,1,0.02%
帶有,1,0.02%
帶給,1,0.02%
帶負,1,0.02%
帶走,1,0.02%
帶送,1,0.02%
帶領,1,0.02%
帶離,1,0.02%
常須,1,0.02%
干,1,0.02%
平分秋色,1,0.02%
平整,1,0.02%
平板,1,0.02%
封口,1,0.02%
審,1,0.02%
擠入,1,0.02%
外,1,0.02%
增到,1,0.02%
增加生,1,0.02%
增添,1,0.02%
增至,1,0.02%
壓力,1,0.02%
壓擠,1,0.02%
壓時,1,0.02%
壓添,1,0.02%
壓相,1,0.02%
壓縮,1,0.02%
壞,1,0.02%
壯大,1,0.02%
外包,1,0.02%
墊摩擦,1,0.02%
外形,1,0.02%
外界,1,0.02%
外管,1,0.02%
外力,1,0.02%
外逸,1,0.02%
多元化,1,0.02%
夠實,1,0.02%
夠溶,1,0.02%
夠穩健,1,0.02%
夠達,1,0.02%
夠領,1,0.02%
大且,1,0.02%
墜落,1,0.02%
墊上,1,0.02%
大型,1,0.02%
報價,1,0.02%
坦度,1,0.02%
型,1,0.02%
型還,1,0.02%
域內,1,0.02%
基,1,0.02%
基底,1,0.02%
基成鍵,1,0.02%
基甲,1,0.02%
基隆,1,0.02%
堅持,1,0.02%
堝壁,1,0.02%
堪,1,0.02%
報道,1,0.02%
墊,1,0.02%
場佔,1,0.02%
場帶來,1,0.02%
場持續,1,0.02%
場搶,1,0.02%
場效,1,0.02%
堵塞,1,0.02%
塊材,1,0.02%
塔,1,0.02%
塔作,1,0.02%
塔底,1,0.02%
塔板,1,0.02%
塗上,1,0.02%
大勢所趨,1,0.02%
大增,1,0.02%
實驗室,1,0.02%
完後,1,0.02%
存放,1,0.02%
存有,1,0.02%
學,1,0.02%
學到,1,0.02%
學反,1,0.02%
學氣,1,0.02%
學蝕,1,0.02%
學試劑,1,0.02%
安全性,1,0.02%
安排,1,0.02%
安置,1,0.02%
安裝,1,0.02%
完會,1,0.02%
字為,1,0.02%
完畢,1,0.02%
完美,1,0.02%
定構,1,0.02%
定義為,1,0.02%
定量,1,0.02%
容器,1,0.02%
容成,1,0.02%
密且,1,0.02%
密度,1,0.02%
密閉型,1,0.02%
寡占,1,0.02%
寡會,1,0.02%
存儲器,1,0.02%
子源,1,0.02%
大安,1,0.02%
天下,1,0.02%
大市,1,0.02%
大廠,1,0.02%
大情,1,0.02%
大批量,1,0.02%
大時,1,0.02%
大氣,1,0.02%
大減,1,0.02%
大者,1,0.02%
大舉,1,0.02%
大資,1,0.02%
大門,1,0.02%
大類,1,0.02%
太陽,1,0.02%
子上,1,0.02%
夯,1,0.02%
失電流,1,0.02%
奧斯汀,1,0.02%
如圖8,1,0.02%
如火如荼,1,0.02%
始,1,0.02%
始展開,1,0.02%
始生,1,0.02%
姓氏,1,0.02%
委,1,0.02%
委由,1,0.02%
委託者,1,0.02%
引出,1,0.02%
引接,1,0.02%
引減,1,0.02%
拉大,1,0.02%
投影,1,0.02%
投產,1,0.02%
抗壓,1,0.02%
折射,1,0.02%
折舊,1,0.02%
折舊攤提,1,0.02%
披露,1,0.02%
抽,1,0.02%
抽真,1,0.02%
抽離,1,0.02%
拉下,1,0.02%
拉升,1,0.02%
拋光時,1,0.02%
抓,1,0.02%
拋光輪,1,0.02%
拓展,1,0.02%
拘泥,1,0.02%
括,1,0.02%
持有,1,0.02%
指出,1,0.02%
指工,1,0.02%
指示器,1,0.02%
捲筒,1,0.02%
掃描,1,0.02%
掉出,1,0.02%
掉機台,1,0.02%
抓住,1,0.02%
把握,1,0.02%
排成,1,0.02%
房子,1,0.02%
成積,1,0.02%
成章,1,0.02%
成粉,1,0.02%
成結,1,0.02%
成負,1,0.02%
成長矽,1,0.02%
成鹼性,1,0.02%
成若,1,0.02%
成了,1,0.02%
戰點,1,0.02%
戶變,1,0.02%
戶轉換,1,0.02%
所欲,1,0.02%
承擔,1,0.02%
所述,1,0.02%
打入,1,0.02%
打在,1,0.02%
打擊,1,0.02%
打破,1,0.02%
扣除,1,0.02%
扮演,1,0.02%
批,1,0.02%
批待,1,0.02%
找,1,0.02%
承受,1,0.02%
承接,1,0.02%
掉產,1,0.02%
排放水,1,0.02%
引領,1,0.02%
搬運,1,0.02%
提取,1,0.02%
提煉,1,0.02%
提拉,1,0.02%
提勞,1,0.02%
插入型,1,0.02%
換到,1,0.02%
換成,1,0.02%
換算,1,0.02%
換酸,1,0.02%
握該,1,0.02%
損失,1,0.02%
損耗量,1,0.02%
搭配,1,0.02%
描述,1,0.02%
搶奪市,1,0.02%
摘自,1,0.02%
摩,1,0.02%
摩爾,1,0.02%
摻,1,0.02%
撐住,1,0.02%
撰寫,1,0.02%
擁戴,1,0.02%
操作時,1,0.02%
操成,1,0.02%
據,1,0.02%
據瞭,1,0.02%
提供者,1,0.02%
措施,1,0.02%
排斥,1,0.02%
接下來,1,0.02%
排水,1,0.02%
排空,1,0.02%
排除,1,0.02%
排泥,1,0.02%
採槽,1,0.02%
採不,1,0.02%
採行,1,0.02%
探,1,0.02%
探尋,1,0.02%
探究,1,0.02%
接上,1,0.02%
接下,1,0.02%
接信,1,0.02%
推行,1,0.02%
接收,1,0.02%
接替,1,0.02%
接腳,1,0.02%
接至,1,0.02%
接軌,1,0.02%
接過來,1,0.02%
接間,1,0.02%
接點為,1,0.02%
推升,1,0.02%
推將,1,0.02%
推斷,1,0.02%
推薦,1,0.02%
成種,1,0.02%
成矽,1,0.02%
成矩,1,0.02%
從液,1,0.02%
後段,1,0.02%
後生,1,0.02%
後產,1,0.02%
後負,1,0.02%
後需,1,0.02%
徑成,1,0.02%
徑縮,1,0.02%
從圖,1,0.02%
從塔頂,1,0.02%
從底部,1,0.02%
從廠商,1,0.02%
從持,1,0.02%
從結,1,0.02%
後成,1,0.02%
復甦,1,0.02%
微妙,1,0.02%
微小,1,0.02%
微弱,1,0.02%
微粒,1,0.02%
微細化,1,0.02%
微縮,1,0.02%
微過,1,0.02%
徹底,1,0.02%
必經,1,0.02%
必行,1,0.02%
必要性,1,0.02%
後會,1,0.02%
後實,1,0.02%
成為切,1,0.02%
彌補,1,0.02%
弧沈,1,0.02%
弱,1,0.02%
張,1,0.02%
張奇,1,0.02%
張順,1,0.02%
強勁,1,0.02%
強勢,1,0.02%
強化,1,0.02%
強固,1,0.02%
強大,1,0.02%
強調,1,0.02%
強鹼,1,0.02%
彙,1,0.02%
後始,1,0.02%
彙整,1,0.02%
彙編,1,0.02%
彙集,1,0.02%
形一樣,1,0.02%
形容,1,0.02%
形態,1,0.02%
形轉,1,0.02%
形體,1,0.02%
形狀,1,0.02%
待測,1,0.02%
待測品,1,0.02%
後來,1,0.02%
必不,1,0.02%
忽略,1,0.02%
思義,1,0.02%
懸浮性,1,0.02%
應析,1,0.02%
應比,1,0.02%
應氣,1,0.02%
應求,1,0.02%
應特,1,0.02%
應現,1,0.02%
應生,1,0.02%
應當,1,0.02%
應細,1,0.02%
應視,1,0.02%
應開,1,0.02%
懸浮,1,0.02%
戊醇,1,0.02%
急冷室,1,0.02%
成份,1,0.02%
成出,1,0.02%
成分之組成,1,0.02%
成半,1,0.02%
成厚,1,0.02%
成啟,1,0.02%
成型,1,0.02%
成壹,1,0.02%
成工,1,0.02%
成時,1,0.02%
成清,1,0.02%
成溶,1,0.02%
應商,1,0.02%
應力,1,0.02%
應先,1,0.02%
應保,1,0.02%
恢復,1,0.02%
息息相,1,0.02%
情影,1,0.02%
情於,1,0.02%
惜,1,0.02%
惟應,1,0.02%
惡化,1,0.02%
想像,1,0.02%
愈久,1,0.02%
愈佳,1,0.02%
愈慢,1,0.02%
愈薄,1,0.02%
意見,1,0.02%
感,1,0.02%
態下,1,0.02%
態廢,1,0.02%
態效,1,0.02%
態植,1,0.02%
態記,1,0.02%
慮持,1,0.02%
憑藉,1,0.02%
憶體,1,0.02%
憶體性,1,0.02%
應予,1,0.02%
應付,1,0.02%
８,1,0.02%
