Entity,Count,Ratio
資源,31,0.6%
所示,30,0.58%
溶劑,27,0.52%
後,26,0.5%
其,25,0.48%
時,20,0.38%
技術,20,0.38%
廢溶劑,19,0.36%
處理,18,0.35%
中,18,0.35%
成本,17,0.33%
晶圓,16,0.31%
等,16,0.31%
切削油,14,0.27%
2,14,0.27%
了,13,0.25%
矽晶圓,13,0.25%
3,13,0.25%
廢棄物,12,0.23%
水,12,0.23%
設備,12,0.23%
製程,12,0.23%
分離,11,0.21%
表面,11,0.21%
量,11,0.21%
工廠,11,0.21%
方式,11,0.21%
方法,11,0.21%
晶矽,11,0.21%
系統,11,0.21%
此,10,0.19%
回收,10,0.19%
：,10,0.19%
矽晶圓片,10,0.19%
以,10,0.19%
目的,10,0.19%
過程,10,0.19%
1,10,0.19%
在,10,0.19%
產業,10,0.19%
循環,9,0.17%
程序,9,0.17%
純水,9,0.17%
磷酸,9,0.17%
有,9,0.17%
晶片,9,0.17%
蝕刻,9,0.17%
金屬,9,0.17%
上,9,0.17%
處理方式,9,0.17%
污染,9,0.17%
成分,9,0.17%
雜質,9,0.17%
清洗,8,0.15%
4,8,0.15%
為,8,0.15%
圖6.1-,8,0.15%
離子,8,0.15%
再,8,0.15%
是,8,0.15%
流程,8,0.15%
製程中,7,0.13%
後段製程之環境特性分析,7,0.13%
資源化,7,0.13%
於,7,0.13%
過程中,7,0.13%
業者,7,0.13%
濃度,7,0.13%
原料,7,0.13%
例,7,0.13%
產生,7,0.13%
公司,7,0.13%
用途,7,0.13%
雙月刊,7,0.13%
冷卻、結晶,7,0.13%
問題,7,0.13%
萃取,7,0.13%
高,7,0.13%
供應商,7,0.13%
率,6,0.12%
溫度,6,0.12%
或,6,0.12%
工作,6,0.12%
化學,6,0.12%
萃取物,6,0.12%
用,6,0.12%
管理,6,0.12%
半導體,6,0.12%
原理,6,0.12%
結果,6,0.12%
而,6,0.12%
優點,6,0.12%
薄膜,6,0.12%
圖5.3-,6,0.12%
較,6,0.12%
資料,6,0.12%
環境,6,0.12%
設計,5,0.1%
廢酸,5,0.1%
油,5,0.1%
體系,5,0.1%
矽晶圓材料,5,0.1%
反應,5,0.1%
進行,5,0.1%
年,5,0.1%
部分,5,0.1%
生產,5,0.1%
說明,5,0.1%
4.1-,5,0.1%
純度,5,0.1%
氫氟酸,5,0.1%
時間,5,0.1%
者,5,0.1%
有機溶劑,5,0.1%
階段,5,0.1%
廢液,5,0.1%
方案,5,0.1%
化學蝕刻,5,0.1%
機相,5,0.1%
產品,5,0.1%
可,4,0.08%
/L,4,0.08%
若,4,0.08%
該公司,4,0.08%
兩種,4,0.08%
損傷層,4,0.08%
能源,4,0.08%
結晶罐中,4,0.08%
效果,4,0.08%
效率,4,0.08%
-,4,0.08%
%,4,0.08%
硫酸,4,0.08%
律,4,0.08%
方面,4,0.08%
一,4,0.08%
來源,4,0.08%
內,4,0.08%
需求,4,0.08%
廠內,4,0.08%
一種,4,0.08%
濃度後,4,0.08%
6.2-,4,0.08%
規劃,4,0.08%
地,4,0.08%
製造,4,0.08%
5.3-,4,0.08%
圖5.4-,4,0.08%
5,4,0.08%
工業出版社,4,0.08%
目前,4,0.08%
形成,4,0.08%
光片,4,0.08%
主要,4,0.08%
裝置,4,0.08%
國內,4,0.08%
作業,4,0.08%
使用,4,0.08%
情況,4,0.08%
單晶,4,0.08%
矽晶棒,4,0.08%
來,4,0.08%
濃縮,4,0.08%
品質,4,0.08%
至,4,0.08%
物質,4,0.08%
是否,4,0.08%
材料,4,0.08%
離子水,4,0.08%
晶棒,4,0.08%
切削,4,0.08%
最後,4,0.08%
都,4,0.08%
案例,4,0.08%
晶片表面,4,0.08%
去除,3,0.06%
半導體業,3,0.06%
不同,3,0.06%
工程で,3,0.06%
由於,3,0.06%
電子,3,0.06%
年來,3,0.06%
小松,3,0.06%
便,3,0.06%
半導體公司案例,3,0.06%
程度,3,0.06%
離心力,3,0.06%
氣體,3,0.06%
其化學反應式,3,0.06%
得,3,0.06%
人員,3,0.06%
性能,3,0.06%
酸性萃取劑,3,0.06%
速度,3,0.06%
到,3,0.06%
氟,3,0.06%
積體電路,3,0.06%
速率,3,0.06%
陰離子,3,0.06%
濾,3,0.06%
半導體產業,3,0.06%
費用,3,0.06%
  M,3,0.06%
它,3,0.06%
吸附,3,0.06%
規格,3,0.06%
示,3,0.06%
說明書,3,0.06%
晶種,3,0.06%
彙整,3,0.06%
影響,3,0.06%
和,3,0.06%
現象,3,0.06%
單位,3,0.06%
含,3,0.06%
科學與技術手冊,3,0.06%
要求,3,0.06%
需,3,0.06%
採用,3,0.06%
水溶性切削油,3,0.06%
同時,3,0.06%
度,3,0.06%
切削油中,3,0.06%
後破片,3,0.06%
液,3,0.06%
相關,3,0.06%
單晶矽晶棒,3,0.06%
圓片,3,0.06%
硝酸,3,0.06%
差異,3,0.06%
3.1-,3,0.06%
成長,3,0.06%
廢棄物資源,3,0.06%
該系統,3,0.06%
以後,3,0.06%
狀況,3,0.06%
發展,3,0.06%
生產過程中,3,0.06%
空氣中,3,0.06%
溶於,3,0.06%
沸點,3,0.06%
外,3,0.06%
應用技術手冊,3,0.06%
應用,3,0.06%
機構,3,0.06%
切片,3,0.06%
此結晶物溶液,3,0.06%
實驗,3,0.06%
其中,3,0.06%
圖5.5-,3,0.06%
功率,3,0.06%
輸送,3,0.06%
廢有機溶劑,3,0.06%
溶質,3,0.06%
機械,3,0.06%
廢,3,0.06%
許進發,3,0.06%
利用,3,0.06%
應,3,0.06%
作為,3,0.06%
冷,3,0.06%
91 年2 月,3,0.06%
圖6.2-,3,0.06%
大量,3,0.06%
丙醇,3,0.06%
途徑,3,0.06%
化學反應,3,0.06%
化學品,3,0.06%
91年2 月,3,0.06%
金屬離子,3,0.06%
生產之先期準備工作,3,0.06%
缺陷,3,0.06%
回收率,3,0.06%
爐,3,0.06%
應力,3,0.06%
6,3,0.06%
 程,3,0.06%
化,3,0.06%
毒性,3,0.06%
後段製程,2,0.04%
2對低,2,0.04%
先期,2,0.04%
顧問,2,0.04%
2＋,2,0.04%
能力,2,0.04%
矽石顆粒,2,0.04%
有機,2,0.04%
圓片製造業,2,0.04%
直徑,2,0.04%
D 廠廢溶劑資源化處理,2,0.04%
光片的加工技術,2,0.04%
88年8 月,2,0.04%
意圖,2,0.04%
少量,2,0.04%
矽量,2,0.04%
油性切削油,2,0.04%
考量,2,0.04%
性質,2,0.04%
IC設,2,0.04%
麥－泰法作圖計算,2,0.04%
全球,2,0.04%
形狀,2,0.04%
油脂,2,0.04%
必要,2,0.04%
進口,2,0.04%
法,2,0.04%
熟料燒成,2,0.04%
高濃度區,2,0.04%
各資源,2,0.04%
目,2,0.04%
精餾塔,2,0.04%
各種,2,0.04%
切割,2,0.04%
背面,2,0.04%
製程之原料,2,0.04%
圖4.1-,2,0.04%
沸物,2,0.04%
 晶 圓製 造 ,2,0.04%
研磨,2,0.04%
從,2,0.04%
情形,2,0.04%
消耗,2,0.04%
將,2,0.04%
機器,2,0.04%
精餾,2,0.04%
混酸的萃取,2,0.04%
含硫量,2,0.04%
以上,2,0.04%
材料公司,2,0.04%
潔淨,2,0.04%
90年,2,0.04%
國內的矽晶圓片主流尺寸,2,0.04%
常溫下,2,0.04%
蝕刻速率,2,0.04%
槽,2,0.04%
處理成本,2,0.04%
處理後,2,0.04%
供應,2,0.04%
限制,2,0.04%
93年7 月,2,0.04%
處理及處置現況,2,0.04%
處理及處置,2,0.04%
陶瓷,2,0.04%
差排,2,0.04%
回收系統,2,0.04%
人工方式,2,0.04%
清理廠商,2,0.04%
90 年12 月,2,0.04%
低濃度區,2,0.04%
5.4-,2,0.04%
國內廢溶劑,2,0.04%
鈣污泥,2,0.04%
矽 晶棒,2,0.04%
廠,2,0.04%
以前,2,0.04%
82.4℃,2,0.04%
鈰,2,0.04%
溶液,2,0.04%
廠內製程,2,0.04%
序,2,0.04%
廠商,2,0.04%
8吋矽晶圓材料,2,0.04%
鋼線上,2,0.04%
矽 晶 圓製,2,0.04%
晶片及容器,2,0.04%
75%,2,0.04%
處理流程,2,0.04%
廢棄,2,0.04%
但,2,0.04%
位置,2,0.04%
濃度分別,2,0.04%
個,2,0.04%
焚化,2,0.04%
4.2,2,0.04%
4.1,2,0.04%
單晶矽,2,0.04%
污泥,2,0.04%
表面平坦度,2,0.04%
單晶拋光片的加工技術,2,0.04%
二氧化碳,2,0.04%
晶片表面亮度與光滑程度判別,2,0.04%
業界,2,0.04%
萃取劑,2,0.04%
為廢,2,0.04%
單元,2,0.04%
優勢,2,0.04%
廢切削油,2,0.04%
混合物,2,0.04%
單一,2,0.04%
服務,2,0.04%
元件,2,0.04%
項目,2,0.04%
彈性,2,0.04%
樹脂,2,0.04%
4.2-,2,0.04%
廢混酸,2,0.04%
催化燃燒,2,0.04%
清潔,2,0.04%
清洗設備,2,0.04%
矽晶圓片表面,2,0.04%
人,2,0.04%
 應式,2,0.04%
5.2-1,2,0.04%
表3.2-,2,0.04%
表4.1-,2,0.04%
表5.3-,2,0.04%
酸,2,0.04%
蒸餾後之殘渣,2,0.04%
些代理商,2,0.04%
些,2,0.04%
蒸餾,2,0.04%
單晶結構,2,0.04%
廢溶劑處理流程,2,0.04%
清洗技術,2,0.04%
蒸汽,2,0.04%
五,2,0.04%
中和,2,0.04%
混酸,2,0.04%
成份,2,0.04%
一片八吋矽晶圓拋,2,0.04%
規定辦理,2,0.04%
資料庫中,2,0.04%
礦物油,2,0.04%
氮氣,2,0.04%
純酸,2,0.04%
效果降低,2,0.04%
用於,2,0.04%
安全、,2,0.04%
＜,2,0.04%
氫氣,2,0.04%
效應,2,0.04%
前,2,0.04%
晶圓表面,2,0.04%
積體電路工廠,2,0.04%
前後,2,0.04%
現在,2,0.04%
学工学论文集,2,0.04%
種,2,0.04%
均,2,0.04%
 度,2,0.04%
細菌,2,0.04%
其純度,2,0.04%
技術顧問單位,2,0.04%
簡易,2,0.04%
坩堝,2,0.04%
SiO2,2,0.04%
教育出版社,2,0.04%
粉塵屑,2,0.04%
SiC,2,0.04%
前者,2,0.04%
原物,2,0.04%
粉屑,2,0.04%
比重,2,0.04%
採取,2,0.04%
化學試劑,2,0.04%
太陽能,2,0.04%
分子,2,0.04%
約,2,0.04%
氣,2,0.04%
半導體業者,2,0.04%
損傷,2,0.04%
議題,2,0.04%
貯存,2,0.04%
氧化,2,0.04%
損傷程度有關,2,0.04%
離機,2,0.04%
零件,2,0.04%
半導體材料,2,0.04%
半導體材,2,0.04%
塔底,2,0.04%
純化,2,0.04%
措施,2,0.04%
則,2,0.04%
基準,2,0.04%
種類,2,0.04%
化設備,2,0.04%
三段逆流,2,0.04%
基於,2,0.04%
 滌,2,0.04%
圖7.1-,2,0.04%
控制,2,0.04%
大量處理,2,0.04%
產量,2,0.04%
氧化物,2,0.04%
計算,2,0.04%
氟酸,2,0.04%
了切片,2,0.04%
系統中,2,0.04%
要項,2,0.04%
穩定,2,0.04%
磨粒鋸切方式,2,0.04%
由,2,0.04%
技術之認知,2,0.04%
經驗,2,0.04%
異丙醇純度,2,0.04%
其化學,2,0.04%
許多,2,0.04%
N2,2,0.04%
經,2,0.04%
管路,2,0.04%
加工,2,0.04%
機物,2,0.04%
經濟,2,0.04%
此時,2,0.04%
水相,2,0.04%
磨料,2,0.04%
水泥窯,2,0.04%
一卷,2,0.04%
漏油,2,0.04%
加工製程,2,0.04%
可行性試驗,2,0.04%
維護,2,0.04%
製造業,2,0.04%
冷卻,2,0.04%
泥,2,0.04%
競爭力,2,0.04%
其他,2,0.04%
輔助燃料,2,0.04%
所,2,0.04%
不,2,0.04%
多,2,0.04%
水泥,2,0.04%
要,2,0.04%
空氣,2,0.04%
磷酸三丁酯,2,0.04%
成品,2,0.04%
送,2,0.04%
；,2,0.04%
組成,2,0.04%
~41,2,0.04%
數,2,0.04%
特性分析,2,0.04%
 刻,2,0.04%
特性,2,0.04%
編號,2,0.04%
容易,2,0.04%
各,2,0.04%
步驟,2,0.04%
晶體,2,0.04%
設計書,2,0.04%
包裝,2,0.04%
產品品質,1,0.02%
產業型態,1,0.02%
石 英坩堝內熔融態,1,0.02%
產品潔淨度的前題下,1,0.02%
產業實務,1,0.02%
產業技術知識服務計畫,1,0.02%
產品市場銷售網,1,0.02%
柵板流程C再利用於磚塊原物料由於無機性,1,0.02%
產業整體之環境績效,1,0.02%
產業整體之-2-環境績效,1,0.02%
矽作為,1,0.02%
石 黏土、矽砂、鐵渣、石灰石膏石膏,1,0.02%
產品之貯存槽,1,0.02%
產品市場之隱晦與,1,0.02%
校正系統、過濾器、攪拌,1,0.02%
矽 晶 圓 材料,1,0.02%
石化燃料之外,1,0.02%
產品規格及供需,1,0.02%
石英坩堝壁,1,0.02%
產品銷售,1,0.02%
石英坩堝外側,1,0.02%
產品貯槽,1,0.02%
產品良率,1,0.02%
石英坩堝之壽命,1,0.02%
石英坩堝表面,1,0.02%
石蠟基、環烷基及芳香烴基,1,0.02%
產品設計及生產活動過程之污染預防策略,1,0.02%
矽,1,0.02%
石英,1,0.02%
產品離 ,1,0.02%
石油蘊藏量,1,0.02%
栓緊,1,0.02%
石膏後研磨,1,0.02%
產品製程,1,0.02%
石灰石、矽砂、黏土及鐵 ,1,0.02%
石渣廢電,1,0.02%
產業之製造業者,1,0.02%
產品產量資料,1,0.02%
產品生命週期觀點,1,0.02%
產品生命週期的觀點,1,0.02%
石渣,1,0.02%
矽 晶圓片之污染負荷值,1,0.02%
產業發展雙月刊,1,0.02%
百分,1,0.02%
產業範疇,1,0.02%
產業經濟與趨勢研究中心統 計,1,0.02%
由於液體,1,0.02%
目前受,1,0.02%
目前國內,1,0.02%
目前大量,1,0.02%
用途已,1,0.02%
某一溫度範圍,1,0.02%
材料設備、尺 寸及其,1,0.02%
用蒸氣或空氣1400-1650℃液體廢棄物 縱剖面-69-旋轉窯的轉動將廢棄物與燃氣,1,0.02%
材料缺陷,1,0.02%
用的酸蝕刻液是,1,0.02%
目前市場,1,0.02%
目前廠內並,1,0.02%
目前收受,1,0.02%
目前矽晶圓片材料供應廠,1,0.02%
材料取代,1,0.02%
用的溶劑可以,1,0.02%
目前超過98％,1,0.02%
目前較適當,1,0.02%
目的主管機關,1,0.02%
某一成 分溶解,1,0.02%
由滲透蒸發,1,0.02%
盤查結果A,1,0.02%
發展空間,1,0.02%
發酵粉、肥料、礦物質補充劑、塑膠穩定劑,1,0.02%
松具備長晶,1,0.02%
的磨料,1,0.02%
發罐中,1,0.02%
析出物,1,0.02%
材料開始,1,0.02%
皆含有相當,1,0.02%
枕形,1,0.02%
當時的產品係,1,0.02%
甲苯,1,0.02%
盒蓋,1,0.02%
當地購買,1,0.02%
監視,1,0.02%
當地代理商負責,1,0.02%
當今已,1,0.02%
監視之用,1,0.02%
監視系統,1,0.02%
申請,1,0.02%
目的台灣信越半導體,1,0.02%
目的在於,1,0.02%
目視檢查是否,1,0.02%
產物參表5.3-3,1,0.02%
相當,1,0.02%
產生量及清理現況依行政院,1,0.02%
產生量及清理現況.....................................................................18第四,1,0.02%
產生圖原料,1,0.02%
柴氏法兩種,1,0.02%
相關購置回收系統,1,0.02%
真空,1,0.02%
柵板,1,0.02%
產物,1,0.02%
相同的情況,1,0.02%
瞭解,1,0.02%
材料協會,1,0.02%
產源於長晶及,1,0.02%
矚目的明星產業,1,0.02%
知 識、資本與技術,1,0.02%
知種類之廢溶劑沸,1,0.02%
短缺,1,0.02%
產源,1,0.02%
產能,1,0.02%
用之替代性數據,1,0.02%
用的 RCA溶液作為最,1,0.02%
直徑的增加速率,1,0.02%
用水點UF超過濾,1,0.02%
材料及元件,1,0.02%
用概估,1,0.02%
直徑12矽晶圓片工廠的加工量同上,1,0.02%
用於半導體,1,0.02%
直徑之均勻度,1,0.02%
某一種分子與混合物,1,0.02%
直徑快速,1,0.02%
直徑矽晶圓單晶片的加工,1,0.02%
相反,1,0.02%
直接,1,0.02%
直鏈三烷基氧化磷混合物,1,0.02%
直拉法,1,0.02%
直流方式,1,0.02%
相中螯合劑的濃度,1,0.02%
用化學試劑比鹼蝕刻,1,0.02%
用到超純水,1,0.02%
相似,1,0.02%
某些,1,0.02%
此一問題,1,0.02%
矽元素,1,0.02%
磷酸濃度,1,0.02%
磷酸一鉀為,1,0.02%
磷酸一鉀結晶物,1,0.02%
磷酸一銨結晶物,1,0.02%
磷酸三丁酯-95-4結語,1,0.02%
磷酸三丁酯對,1,0.02%
磷酸三丁酯等,1,0.02%
磷酸主要是生產,1,0.02%
磷酸二氫銨將廢磷酸,1,0.02%
磷酸二氫銨為閃亮,1,0.02%
磷酸二鈣將廢磷酸,1,0.02%
磷酸二鈣為,1,0.02%
磷酸二鈣結晶物,1,0.02%
磷酸氫鈣,1,0.02%
磷酸相似,1,0.02%
會產生CaF,1,0.02%
磷酸資源,1,0.02%
磷酸鈉將收集,1,0.02%
磷酸鈉為,1,0.02%
磷酸鹽,1,0.02%
磷酸鹽產品,1,0.02%
礦物,1,0.02%
示意圖....................................................................68,1,0.02%
示意圖膜,1,0.02%
科 技 公 司 蔡 永 興 副 ,1,0.02%
科 技 股 份 有 限公 司 章 長 原 經 理 及 工 業 技 術 研 究 院廖 錦 聰 ,1,0.02%
科學園區之距離計算,1,0.02%
科學工 業園區之廠區內,1,0.02%
科學工業園區,1,0.02%
磷酸一鉀將收集,1,0.02%
月,1,0.02%
科技產業,1,0.02%
磚塊原料再利用流程污泥 污,1,0.02%
硬體,1,0.02%
硬度、低,1,0.02%
硼,1,0.02%
硼元素,1,0.02%
硼酸與氧化鋁,1,0.02%
碎片之機會,1,0.02%
碳吸附溶劑分離,1,0.02%
碳床結垢,1,0.02%
有效,1,0.02%
碳酸鈣加入,1,0.02%
碳酸鈣反應,1,0.02%
確定,1,0.02%
磚土含CaF,1,0.02%
磨 光機之第三,1,0.02%
磷萃取劑,1,0.02%
磨削運動,1,0.02%
磨平污泥：含有界面活性劑、Al2O3、SiO2、ZrO2、Fe,1,0.02%
磨平的目,1,0.02%
有害,1,0.02%
磨床-79-加工,1,0.02%
磨料、矽及油三者比重,1,0.02%
磨料與切削油,1,0.02%
磨料切,1,0.02%
磨粒,1,0.02%
磷 酸三丁酯,1,0.02%
月工作26 天,1,0.02%
磷元素,1,0.02%
月刊,1,0.02%
科專計畫支持,1,0.02%
科技產業成長更加,1,0.02%
矽原子,1,0.02%
窯 內,1,0.02%
積體電路產業之重要,1,0.02%
積體電路產業結構,1,0.02%
積體電路製造業的矽晶圓材料供應源,1,0.02%
穩定性,1,0.02%
究 所,1,0.02%
空 間,1,0.02%
空氣污 染,1,0.02%
空氣污染,1,0.02%
空調,1,0.02%
空運至桃園,1,0.02%
空運與海運兩種方式,1,0.02%
最佳,1,0.02%
空間,1,0.02%
窯之焚化底灰以,1,0.02%
積體電路生產,1,0.02%
窯內高溫,1,0.02%
窯式焚化,1,0.02%
窯或,1,0.02%
章,1,0.02%
競爭,1,0.02%
符合標準符合標準資料來源：廢棄物資源回收及處理設備技術手冊及案例彙編,1,0.02%
第17 期,1,0.02%
第61頁液態廢溶劑回收-,1,0.02%
第74 期第三卷,1,0.02%
暢通性不足,1,0.02%
第一段製程,1,0.02%
第一章前言1.1緣起,1,0.02%
第一度清洗,1,0.02%
積體電路產 業之國際競爭力,1,0.02%
積體電路工廠時,1,0.02%
科技等,1,0.02%
最後階段的測試時,1,0.02%
科技與產業界的開發重點,1,0.02%
移動式槽 車中,1,0.02%
稀土,1,0.02%
會刊第七十四卷第三期,1,0.02%
程 ,1,0.02%
程 序,1,0.02%
程中可能,1,0.02%
最為,1,0.02%
程序則,1,0.02%
程序去除,1,0.02%
程序後,1,0.02%
程序指導,1,0.02%
程序的準備期,1,0.02%
程序設定簡易,1,0.02%
積體電路工廠所用,1,0.02%
程度的 毒性,1,0.02%
最後的決定,1,0.02%
種供氣方式,1,0.02%
種全,1,0.02%
種化學分離,1,0.02%
種化學溶液進行,1,0.02%
種含有,1,0.02%
種成分的酸液之混合比率,1,0.02%
種水 質,1,0.02%
種添加,1,0.02%
種耐火板的特性,1,0.02%
種轉移給,1,0.02%
積體電路 ,1,0.02%
硬銲,1,0.02%
硝酸醋酸,1,0.02%
硝酸組成,1,0.02%
矽晶圓片製造業工廠廢棄物清理現況資料,1,0.02%
本作業範疇之內,1,0.02%
矽晶圓片材料製造廠中,1,0.02%
矽晶圓片的主要製造,1,0.02%
矽晶圓片的前段製程主要有有長晶、拉晶及切片,1,0.02%
矽晶圓片的後段製程,1,0.02%
矽晶圓片的製程,1,0.02%
矽晶圓片的製造,1,0.02%
矽晶圓片的酸蝕刻製程與鹼蝕刻,1,0.02%
矽晶圓片製程之化學蝕刻的廢混,1,0.02%
本作業中,1,0.02%
矽晶圓片製造及廠內管理的各個環節,1,0.02%
未來能源市場中,1,0.02%
矽晶圓片製造業之生產製程如,1,0.02%
矽晶圓片製造業廢棄物產出情形及清理,1,0.02%
矽晶圓片後段製程之產品生命週期環境特性分析,1,0.02%
矽晶圓片製造業無機污泥廢棄物的最佳,1,0.02%
矽晶圓片製造業產生,1,0.02%
矽晶圓片製造業的廢酸液混合物中分 離,1,0.02%
矽晶圓片製造流程,1,0.02%
矽晶圓的品質,1,0.02%
矽晶圓破損片,1,0.02%
矽晶圓破片-17-4廢切削劑晶圓,1,0.02%
矽晶圓破片資源,1,0.02%
矽晶圓製程中,1,0.02%
矽晶圓製造廠,1,0.02%
矽晶圓製造業,1,0.02%
矽晶圓製造業的產業發展概況,1,0.02%
期限,1,0.02%
矽晶圓片是積體電路製造的基本材料,1,0.02%
矽晶圓片在,1,0.02%
硝酸的濃 度,1,0.02%
矽晶圓單晶,1,0.02%
矽原料,1,0.02%
矽原料酸蝕污泥：含有 Si,1,0.02%
矽含量,1,0.02%
矽單晶,1,0.02%
矽單晶棒在,1,0.02%
矽單晶的技術主 ,1,0.02%
矽晶,1,0.02%
矽晶 圓材料的消耗量,1,0.02%
矽晶 圓製造業,1,0.02%
矽晶、大同矽晶及漢磊,1,0.02%
矽晶、漢磊,1,0.02%
本年度,1,0.02%
矽晶圓再,1,0.02%
本身,1,0.02%
矽晶圓片加工量,1,0.02%
矽晶圓拋光片的包裝袋,1,0.02%
矽晶圓拋片之污染負荷,1,0.02%
本章節,1,0.02%
矽晶圓材料供應,1,0.02%
矽晶圓棒的中間部分,1,0.02%
矽晶圓業,1,0.02%
矽晶圓業困擾的廢棄物處理問題之一,1,0.02%
本次,1,0.02%
本案例,1,0.02%
矽晶圓為,1,0.02%
矽晶圓片仍 多仰賴,1,0.02%
本局 特委 託財團法 人台 灣,1,0.02%
矽晶圓片前段製程的環境考量,1,0.02%
矽晶圓製造業範圍及各章節內容,1,0.02%
矽晶圓製造業製程之廢棄物來源、特性、產生量,1,0.02%
產品之市場性分析也,1,0.02%
研究流程評估,1,0.02%
研發階段,1,0.02%
研磨 ,1,0.02%
有機物污染及部份金屬原子污染,1,0.02%
研磨、蝕刻、熱,1,0.02%
研磨前破片,1,0.02%
研磨劑,1,0.02%
研磨時使用,1,0.02%
研磨晶邊的外形,1,0.02%
研磨液,1,0.02%
研磨盤間,1,0.02%
研究,1,0.02%
研究計畫,1,0.02%
研究證明,1,0.02%
破壞,1,0.02%
矽晶圓製造業製程廢棄物資源化,1,0.02%
破片.............................................................................................,1,0.02%
破片大多,1,0.02%
有機物,1,0.02%
硝 酸、硫酸介質中,1,0.02%
有機廢溶劑回收處理前,1,0.02%
硝酸>醋酸>,1,0.02%
硝酸、醋酸及氫氟酸之廢 混酸,1,0.02%
硝酸之回收率,1,0.02%
硝酸及氫氟酸,1,0.02%
硝酸及氫氟酸 之廢混酸,1,0.02%
硝酸及磷酸的二成 份廢酸回收,1,0.02%
硝酸所,1,0.02%
硝酸的回收如圖6.1,1,0.02%
研產生金屬,1,0.02%
矽錠,1,0.02%
矽酸鹽類、陶瓷類及高溫合金類,1,0.02%
有機相中的胺鹽,1,0.02%
服務工 作,1,0.02%
矽晶圓製造流程將多,1,0.02%
服務之提供,1,0.02%
矽晶圓長晶、切割,1,0.02%
矽晶堝底料、 矽晶圓破損片,1,0.02%
矽晶堝底料與石英,1,0.02%
有關廢溶劑之蒸餾流程如圖,1,0.02%
矽晶棒之特性,1,0.02%
有正,1,0.02%
矽晶棒之線,1,0.02%
矽晶棒內的氧含量,1,0.02%
有機陽離子締合、形成,1,0.02%
矽晶棒變成,1,0.02%
矽晶棒頭尾兩端,1,0.02%
矽晶棒頭尾兩端會,1,0.02%
矽晶片,1,0.02%
有機磷 R3PO4是,1,0.02%
矽晶片製造業廢混酸的溶劑萃取,1,0.02%
矽晶頭尾,1,0.02%
矽晶頭尾料,1,0.02%
矽晶體表面,1,0.02%
矽石 結晶態,1,0.02%
矽砂、鐵渣、,1,0.02%
矽砂、鐵渣、石灰石石膏,1,0.02%
矽砂的狀態,1,0.02%
矽礦,1,0.02%
矽質原料,1,0.02%
產品之相關使用規 定,1,0.02%
物料,1,0.02%
產品之各種污染 物之產生量,1,0.02%
機械加工過程大都需要便,1,0.02%
污染防治No80,1,0.02%
污染程度蝕刻液的純度,1,0.02%
污染環境之虞,1,0.02%
污染物濃度,1,0.02%
污染物排放,1,0.02%
污染物及過渡元素金屬之污染物,1,0.02%
機械應力控制上及其,1,0.02%
污泥中,1,0.02%
污染物 kgs／片晶圓  COD  0.0645   SS  0.0615   F －0.0004空氣污染物kgs,1,0.02%
污染物,1,0.02%
污染源產生圖,1,0.02%
污染源,1,0.02%
污染性,1,0.02%
污染微粒後,1,0.02%
污染防治工作,1,0.02%
機械加工污泥：含矽錠、切削液,1,0.02%
油水分離器分離,1,0.02%
沸點時,1,0.02%
油性切削油及水溶性切削油兩大類,1,0.02%
機器前,1,0.02%
油之pH 值宜,1,0.02%
油中雜質,1,0.02%
油中的 溶氧,1,0.02%
機場,1,0.02%
河川湖 泊,1,0.02%
污泥內部水份,1,0.02%
沖除金屬粉屑等作用,1,0.02%
汽車製造業工廠之營業額,1,0.02%
決定性的影響,1,0.02%
決定,1,0.02%
污泥混合物-530D,1,0.02%
污泥替代人工,1,0.02%
污染、低,1,0.02%
機構名單.................................................,1,0.02%
機構處理行為者◎三陽工業股份有限公司,1,0.02%
水力、機械及電氣,1,0.02%
水泥原料再利用,1,0.02%
水泥原料中之碳酸鈣,1,0.02%
水泥原料,1,0.02%
水泥 時之部分原料,1,0.02%
水泥 品質之劣化,1,0.02%
水力旋流分離器 離心機加壓浮除器楔線濾筒 濾網  濾袋 誘導重力貯存槽沉澱槽 矽藻土之助濾劑 捲筒,1,0.02%
水量,1,0.02%
污,1,0.02%
水質穩定,1,0.02%
水資源,1,0.02%
水與異丙醇,1,0.02%
水相流,1,0.02%
水相的硝酸,1,0.02%
水相的pH 值,1,0.02%
機物及各種粒子接觸,1,0.02%
水泥品質管控問題,1,0.02%
水泥廠之水泥窯輔助燃料,1,0.02%
水泥成品,1,0.02%
水泥時相同,1,0.02%
水泥業者,1,0.02%
水泥熟料中,1,0.02%
水泥窯之操作溫度應超過攝氏一千二百度,1,0.02%
機溶劑可分,1,0.02%
水泥窯之輔助燃料,1,0.02%
水泥窯使用廢溶劑,1,0.02%
水泥窯本身之操作條件,1,0.02%
水泥窯處理廢溶劑,1,0.02%
水泥易與污泥,1,0.02%
永 續 發 展 的趨 勢,1,0.02%
永 續利 用,1,0.02%
求 急 速,1,0.02%
油應 ,1,0.02%
油滴,1,0.02%
水相中的硝酸濃度,1,0.02%
機制,1,0.02%
混,1,0.02%
淨化,1,0.02%
液：2mol/L醋酸,1,0.02%
液體廢物燃燒,1,0.02%
液體廢物,1,0.02%
機 磷酸、環烷酸、乙醯丙酮、8－羥基喹啉﹔中性萃取劑,1,0.02%
液體廢棄物,1,0.02%
混凝劑,1,0.02%
液體完全,1,0.02%
液體噴注式焚化爐,1,0.02%
液體噴注式焚化,1,0.02%
液體噴射片子表面,1,0.02%
機制基於,1,0.02%
液體,1,0.02%
混凝分,1,0.02%
混凝劑之原料,1,0.02%
油滴及其他化學物質使得粉屑的,1,0.02%
混合物2-100D-0801,1,0.02%
混燒式,1,0.02%
混床過濾器 純水泵 除TOC脫氣膜純水緩衝罐拋光混床,1,0.02%
混合靜制設備,1,0.02%
機 械設備的生產力,1,0.02%
混合物資料來源：張厥宗,1,0.02%
混合物之分離,1,0.02%
混合物  -  ,1,0.02%
混合,1,0.02%
混合澄清器、篩板,1,0.02%
混合液,1,0.02%
混合後,1,0.02%
混合廢溶劑規定,1,0.02%
混合廢溶劑蒸餾,1,0.02%
混合之切削劑作為,1,0.02%
液面,1,0.02%
液處理後,1,0.02%
液萃 取精餾 塔,1,0.02%
注入反應槽中,1,0.02%
活性碳,1,0.02%
活動力,1,0.02%
洗眼器及淋浴器,1,0.02%
洗滌、,1,0.02%
泵浦,1,0.02%
泵 泵 異丙醇蒸氣氮氣排出口化學品注入 異丙醇回收冷去離子水 熱去離子水-39-3矽晶圓拋光片的潔淨包裝為,1,0.02%
法流程C活性碳吸附法,1,0.02%
液的強氧化性,1,0.02%
法長成單晶,1,0.02%
法藉由,1,0.02%
法的選擇晶片經過切片、研磨等機械加工,1,0.02%
油劣,1,0.02%
油調和,1,0.02%
油滴懸浮,1,0.02%
活性碳吸附 法,1,0.02%
浦潤滑油、廢切削油及無機性污泥,1,0.02%
浮除,1,0.02%
浮除器,1,0.02%
機台,1,0.02%
消耗之原物料數量...........................................,1,0.02%
消除,1,0.02%
液 晶顯示器製造業的磷酸、硝酸、醋酸之廢混酸,1,0.02%
液態之氯化硫酸鋁產品,1,0.02%
液態廢溶劑,1,0.02%
液態氣體槽車輸送,1,0.02%
液方面被,1,0.02%
液時,1,0.02%
液晶顯示器等,1,0.02%
液材料,1,0.02%
液槽的使用壽命比較短,1,0.02%
液滴,1,0.02%
水相中的醋酸濃度,1,0.02%
水相6mol/L的氫氟酸萃取至,1,0.02%
混酸成分,1,0.02%
每月電費,1,0.02%
次分離,1,0.02%
次污染之虞,1,0.02%
比,1,0.02%
毒氣,1,0.02%
毒性之原料,1,0.02%
每年廢溶劑,1,0.02%
每月,1,0.02%
檢驗結果,1,0.02%
次污染的處理情形,1,0.02%
每日,1,0.02%
每批清洗條件,1,0.02%
每一陰離子,1,0.02%
每一種酸經,1,0.02%
每一污染源,1,0.02%
比較容易資料來源,1,0.02%
檢測工作,1,0.02%
氣相中,1,0.02%
氟酸氫氟酸,1,0.02%
氣態廢溶劑,1,0.02%
氣態回收及液態,1,0.02%
氣態,1,0.02%
氣壓下異丙醇之沸點,1,0.02%
檢測值數據變異性,1,0.02%
氟酸資源化,1,0.02%
氟酸之三成份混酸,1,0.02%
比較見表4.2-,1,0.02%
氟系廢水收集,1,0.02%
氟化鈣,1,0.02%
民國89 年11 月 7 日函各,1,0.02%
民國88年,1,0.02%
比例,1,0.02%
比率,1,0.02%
每kwh以5,1,0.02%
每 次,1,0.02%
段數的增加,1,0.02%
次級石英,1,0.02%
此法適合有一定溫度沸點,1,0.02%
此法適合於,1,0.02%
此法,1,0.02%
此步驟,1,0.02%
此機會,1,0.02%
此材料的環境特性資料,1,0.02%
此方式特點,1,0.02%
段直徑,1,0.02%
此套系統所有技術,1,0.02%
欲,1,0.02%
此一風潮下,1,0.02%
正確,1,0.02%
此一部份,1,0.02%
此一步驟,1,0.02%
此溶液,1,0.02%
此裝置,1,0.02%
此費用,1,0.02%
此過程,1,0.02%
此階段時,1,0.02%
次級燃料,1,0.02%
此項設備的設置,1,0.02%
此領域,1,0.02%
此留有,1,0.02%
次用電為4kwh,1,0.02%
步驟的目,1,0.02%
殘灰,1,0.02%
殘留量,1,0.02%
段,1,0.02%
段之蒸餾操作,1,0.02%
段式之分餾塔,1,0.02%
段的3.52g/l依序降1.08,1,0.02%
氣態廢溶劑回收處理方式,1,0.02%
氣相中之成分,1,0.02%
水相1.72mol/L的醋酸萃取至,1,0.02%
氯,1,0.02%
機相僅,1,0.02%
氯化鈣形成,1,0.02%
氯化鈣反應,1,0.02%
氯 離子的錯合性,1,0.02%
氯 化合物,1,0.02%
機相溶劑,1,0.02%
氫離子之物理尺 寸,1,0.02%
氯離子,1,0.02%
氫氧化鉀反應,1,0.02%
氫氧化鈉中,1,0.02%
機相的硝酸及氫氟酸,1,0.02%
氫氟酸處理系統,1,0.02%
氫氟酸目前業者大都,1,0.02%
氫氟酸及矽等,1,0.02%
氯廢溶劑中氯的質量分,1,0.02%
機相中矽的濃度由,1,0.02%
氣蝕作用,1,0.02%
水塔,1,0.02%
機相中,1,0.02%
水的管路系統輸送,1,0.02%
水的污染,1,0.02%
水痕,1,0.02%
水溶液中,1,0.02%
水成流動性污泥後,1,0.02%
水回收,1,0.02%
水 中,1,0.02%
水分的IPA蒸 氣經過冷卻器,1,0.02%
水分外,1,0.02%
水分含量,1,0.02%
水分之廢水污泥,1,0.02%
水之飽合蒸氣壓,1,0.02%
水中,1,0.02%
機相與水相,1,0.02%
氫氟,1,0.02%
氫,1,0.02%
氣體的化學反應,1,0.02%
氣體鋼瓶組輸送,1,0.02%
檢測,1,0.02%
氣體鋼瓶,1,0.02%
氣體管理,1,0.02%
氣體管路,1,0.02%
氣體的顏色標識............................................................44,1,0.02%
氣體滯留時間在,1,0.02%
氨水、雙氧水研磨液NH4OH、KOH、清潔劑倒角註：RCA：為矽,1,0.02%
氣體氯的含量,1,0.02%
氣體原物,1,0.02%
氣體供給,1,0.02%
氣體供應,1,0.02%
氣體之標識顏色範例,1,0.02%
氣體中的雜質,1,0.02%
氣量,1,0.02%
氣量及用氣的質量,1,0.02%
氣流阻力,1,0.02%
氣－液相中成分,1,0.02%
氧 含量的濃度,1,0.02%
氧作用,1,0.02%
氧元素,1,0.02%
氧化反應,1,0.02%
氧化層,1,0.02%
氧化氨,1,0.02%
氧化氫反應,1,0.02%
機酸的溶劑,1,0.02%
氧化物的溶解,1,0.02%
氧含量在熱處理後,1,0.02%
氧水體系,1,0.02%
氨氣加入,1,0.02%
氨氣反應,1,0.02%
混酸存在,1,0.02%
混酸濃度,1,0.02%
案,1,0.02%
燒成,1,0.02%
片 子,1,0.02%
片,1,0.02%
營運成本的方法,1,0.02%
燒結體之強度及密度,1,0.02%
燒成廢電石渣無機性污泥黏土,1,0.02%
燒成廢電石渣,1,0.02%
燃料液體廢棄物,1,0.02%
片子的距離、角度,1,0.02%
燃料之供應,1,0.02%
燃料,1,0.02%
燃燒法流程,1,0.02%
燃燒法中載體及催化劑的選擇,1,0.02%
燃燒後,1,0.02%
燃燒器的高溫區,1,0.02%
片子上的污染,1,0.02%
片晶圓原物料名稱 kgs／片晶圓  M1  103.6678  M180.0017   M2  0.2936  M19  0.0013   M3  0.0901,1,0.02%
物理清洗有三,1,0.02%
物質容易,1,0.02%
此一工作階段,1,0.02%
物質量變,1,0.02%
物質趨於,1,0.02%
物質總量佔,1,0.02%
物質產值、清理費用收費,1,0.02%
條件下,1,0.02%
物質回收方式,1,0.02%
片測試晶圓的售價,1,0.02%
物質回收,1,0.02%
物質則,1,0.02%
條件的變化,1,0.02%
物件之不良率,1,0.02%
物之危害性,1,0.02%
物 質容易,1,0.02%
燃燒器,1,0.02%
燃煤,1,0.02%
熱應力,1,0.02%
無機污,1,0.02%
無法,1,0.02%
無氧,1,0.02%
無機物,1,0.02%
無機污泥,1,0.02%
棄 物,1,0.02%
業 ,1,0.02%
無機性污泥再利用,1,0.02%
熱值需大於,1,0.02%
無,1,0.02%
焚化廠◎南亞塑膠工業不包含乙醇體積濃度,1,0.02%
焙粉,1,0.02%
焊接、表面輥壓及 磨光、電解研磨與化學研磨,1,0.02%
第七章技術評估與設備選用,1,0.02%
業 與 太 陽 ,1,0.02%
無論使用,1,0.02%
焦點,1,0.02%
然後使用,1,0.02%
煙氣中,1,0.02%
熔劑之用,1,0.02%
熔化,1,0.02%
熔化時間,1,0.02%
熔化過程最重要,1,0.02%
熔融,1,0.02%
熔融 液,1,0.02%
熔融態的矽,1,0.02%
熔融態的矽原料中,1,0.02%
熔融技術,1,0.02%
熔融液體液面溫度不 ,1,0.02%
熔融處理,1,0.02%
熔點之特性,1,0.02%
熱700,1,0.02%
物理,1,0.02%
特性及分離係數,1,0.02%
業廢棄物管制中心95年申報,1,0.02%
生命週期分析,1,0.02%
生產低功率的積 體電路元件,1,0.02%
生產之產品為水泥,1,0.02%
生產中,1,0.02%
生物抑制劑,1,0.02%
生命週期評估的方式,1,0.02%
生命週期分析的環境特性,1,0.02%
瓶裝氣體的顏色,1,0.02%
生產單晶矽晶圓的主流,1,0.02%
瓦力作用,1,0.02%
環狀結構的 可萃物,1,0.02%
環境雜質污染與,1,0.02%
環境負荷,1,0.02%
環境議題,1,0.02%
環境績效,1,0.02%
生產及持續,1,0.02%
生產太陽能電池晶片,1,0.02%
特性與清理,1,0.02%
生產與廢棄 物資源,1,0.02%
生料研磨生料研磨研磨研磨熟料燒成,1,0.02%
生料研磨、旋窯高溫燒成,1,0.02%
生長製程,1,0.02%
生產力,1,0.02%
生產雙月刊,1,0.02%
生產資訊,1,0.02%
生產而言,1,0.02%
生產工廠,1,0.02%
生產線每年廢溶劑,1,0.02%
生產線每月產生之廢溶劑價值為,1,0.02%
生產的依據,1,0.02%
生產推廣計畫,1,0.02%
生產成本愈,1,0.02%
生產廠商等,1,0.02%
環境的衝擊,1,0.02%
環境的污染,1,0.02%
環境的保護,1,0.02%
現 象,1,0.02%
現況....................................18 表3.2-,1,0.02%
現有,1,0.02%
現場製氣,1,0.02%
現場操作人員,1,0.02%
現場,1,0.02%
現在都,1,0.02%
玻璃纖維的平台,1,0.02%
環境特性資料時,1,0.02%
玻璃板研磨玻璃板浸泡,1,0.02%
玻璃之原料,1,0.02%
玻璃、SiC、Al2O3、SiO2、ZrO2、Fe、矽泥等,1,0.02%
特點,1,0.02%
特殊,1,0.02%
特有的氣液平衡,1,0.02%
現況矽晶圓片製造業所產生的無機污,1,0.02%
瑕疵的機會,1,0.02%
環保問題的潛在疑慮,1,0.02%
環保的觀點,1,0.02%
環保系統,1,0.02%
條件,1,0.02%
梓 ,1,0.02%
案例利用,1,0.02%
環境之影響,1,0.02%
環境保護,1,0.02%
環境化,1,0.02%
環境污染特性與傳統業,1,0.02%
環境特性分析,1,0.02%
環境特性分析之作業流程3盤查分析盤查項目與方式本次,1,0.02%
環境特性分析作業之主要目,1,0.02%
環境特性分析結果彙整表,1,0.02%
環境特性資訊,1,0.02%
為計算,1,0.02%
為簡要的製造,1,0.02%
機 械強度,1,0.02%
游離磨粒,1,0.02%
溫正華、許進發,1,0.02%
溫 度、時間控制設備,1,0.02%
溫 度,1,0.02%
溫,1,0.02%
準備模板清洗待處理晶圓,1,0.02%
源大體上,1,0.02%
游界面揮發,1,0.02%
溫線顯示,1,0.02%
港後,1,0.02%
測試晶圓晶圓,1,0.02%
測試後再行,1,0.02%
測試、切割及封裝後,1,0.02%
標準,1,0.02%
標準化,1,0.02%
溫線,1,0.02%
槽底,1,0.02%
溶劑新品每公斤,1,0.02%
溶劑中,1,0.02%
溶劑廢氣部分之相 關處理方法,1,0.02%
溶劑回收流程,1,0.02%
溶劑吸收法,1,0.02%
溶劑吸收劑圖,1,0.02%
溶劑之利益,1,0.02%
溶劑之沸點,1,0.02%
溶劑.....................................................................................56 表,1,0.02%
溫度上限,1,0.02%
溶劑-56-,1,0.02%
構成,1,0.02%
溫度高,1,0.02%
溫度變化,1,0.02%
溫度區間,1,0.02%
溫度下,1,0.02%
測,1,0.02%
清理業處理,1,0.02%
清理方式的方式,1,0.02%
清洗中,1,0.02%
清洗晶片時,1,0.02%
清洗晶片,1,0.02%
清洗晶圓經由重複的加工成形,1,0.02%
清洗效果,1,0.02%
清洗成本及保護環 境,1,0.02%
清洗成本,1,0.02%
模擬實驗工程設計/建廠資料充足-,1,0.02%
清潔生產－,1,0.02%
清查製程,1,0.02%
清單中,1,0.02%
樣品,1,0.02%
清單,1,0.02%
添加劑之 用,1,0.02%
混酸濃度、蝕刻時間、蝕刻速率及蝕刻,1,0.02%
清洗機晶圓清洗機出貨,1,0.02%
清洗準備時間短,1,0.02%
清洗用化學,1,0.02%
清洗矽晶圓,1,0.02%
模擬、設備改良及製程,1,0.02%
清洗程序,1,0.02%
清洗程序備註：,1,0.02%
清洗等,1,0.02%
清洗系統,1,0.02%
清洗腔內,1,0.02%
模式：一為,1,0.02%
清洗製程外,1,0.02%
清洗製程技術,1,0.02%
標準程序,1,0.02%
清潔生產、環境保護,1,0.02%
標準後,1,0.02%
清潔生產之先期,1,0.02%
溶劑性的萃取劑,1,0.02%
溶劑殘留物,1,0.02%
為矽,1,0.02%
濃度及流程中之質量,1,0.02%
濃度的廢酸,1,0.02%
濃度物質之處理,1,0.02%
濃度氫氟酸,1,0.02%
極性變化,1,0.02%
濃度廢酸的回收,1,0.02%
濃度廢氣特 性,1,0.02%
濃度、純度、,1,0.02%
濃度硝酸,1,0.02%
濃度48％之氫氟酸浸泡,1,0.02%
濃度 之比,1,0.02%
概況積體電路製造業是我國積體電路產業的火車頭,1,0.02%
濃縮效果良好,1,0.02%
濃縮分離或冷,1,0.02%
概述,1,0.02%
濃度的硝酸時,1,0.02%
濃度硝酸6.00氫氟酸6.01酸 mol/L醋酸1.72 Si17.7Al0.005金屬g/l   Fe0.0002資料來源：芝田隼次．森川正貴．山本秀樹,1,0.02%
溶劑的依賴性,1,0.02%
火燄中斷,1,0.02%
為最簡單的現場回收,1,0.02%
為廢切,1,0.02%
為低之溫度加熱,1,0.02%
灰渣,1,0.02%
灰塵、雜質,1,0.02%
灰分應低於百分之十二,1,0.02%
業的產 能 不 斷 增,1,0.02%
濃度與水相中,1,0.02%
火災之顧慮,1,0.02%
濕式化學,1,0.02%
濕式,1,0.02%
業者以及13 家,1,0.02%
濕乾,1,0.02%
濃度進一步的增加而,1,0.02%
潤滑油、機械油及防銹油等,1,0.02%
潤滑油、壓縮,1,0.02%
潤滑性,1,0.02%
溶劑萃取的體系,1,0.02%
溶液作用,1,0.02%
溶液中之H2O2與Fe,1,0.02%
概述、廢棄物質量,1,0.02%
溶劑冷凝,1,0.02%
溶劑重力沈降,1,0.02%
溶劑配位,1,0.02%
溶劑萃取既,1,0.02%
潤污泥改質污泥粒子期間的表面張力,1,0.02%
溶劑萃取技術可以有效地分離,1,0.02%
溶劑與重成分,1,0.02%
溶劑締合,1,0.02%
概念、意識,1,0.02%
溶劑純度有,1,0.02%
溶劑相,1,0.02%
溶液可,1,0.02%
溶液性質,1,0.02%
溶液性質及溫度,1,0.02%
溶液溫度,1,0.02%
溶液送,1,0.02%
溶液送至,1,0.02%
溶解,1,0.02%
溶解力,1,0.02%
溶質及溶劑,1,0.02%
滯留時間等操作條件,1,0.02%
滲透,1,0.02%
滲透蒸發,1,0.02%
滿足線寬小於,1,0.02%
漸,1,0.02%
漿料,1,0.02%
潔淨 室環境,1,0.02%
潔淨室環境下,1,0.02%
為降低,1,0.02%
純度與,1,0.02%
第三個檢測機構檢測,1,0.02%
高分子,1,0.02%
高壓噴射,1,0.02%
高壓,1,0.02%
高分子胺萃取金屬,1,0.02%
高分子胺、季銨鹽,1,0.02%
高分子胺,1,0.02%
高分子材料PFA材質的雙層管路,1,0.02%
高分子 胺,1,0.02%
高價離子的萃取,1,0.02%
骨材,1,0.02%
高之蒸氣壓,1,0.02%
高之廢溶劑,1,0.02%
體用的晶圓材料為主,1,0.02%
體法等,1,0.02%
體材料技術,1,0.02%
體廠高濃,1,0.02%
體 製 造,1,0.02%
高密度積體電路製程中,1,0.02%
高於,1,0.02%
高溫,1,0.02%
高溫內,1,0.02%
鹼性溶液,1,0.02%
鹼性原料發生,1,0.02%
鹼味,1,0.02%
鹼化學試劑,1,0.02%
鹼,1,0.02%
鹵素金屬氫氧化物及穩定劑,1,0.02%
高度,1,0.02%
高零差排 產能,1,0.02%
高雄縣仁武,1,0.02%
高燃點殘留物,1,0.02%
高熱值,1,0.02%
高濃度廢氣,1,0.02%
高濃度,1,0.02%
高溫火燄區堿內,1,0.02%
高溫操作條件,1,0.02%
骨材原物料,1,0.02%
驗收,1,0.02%
面水分呈現共,1,0.02%
預先,1,0.02%
預防措施,1,0.02%
預期目標,1,0.02%
預期功能,1,0.02%
預期之資源,1,0.02%
預期之處理功能後,1,0.02%
預期之處理功能,1,0.02%
預拌庫,1,0.02%
須高壓裝置,1,0.02%
驅動力,1,0.02%
順 序,1,0.02%
項廢棄物資源化案例,1,0.02%
頂部,1,0.02%
頂端,1,0.02%
面臨,1,0.02%
面積是否,1,0.02%
面積愈大,1,0.02%
頭、尾端部,1,0.02%
頻率,1,0.02%
顆粒形式,1,0.02%
顆粒的廢液,1,0.02%
餾出物,1,0.02%
餾 出物,1,0.02%
飽和之吸附劑加溫,1,0.02%
飽和,1,0.02%
飽合蒸氣壓,1,0.02%
風險,1,0.02%
顯示,1,0.02%
顯影,1,0.02%
顧問洽詢研究單位,1,0.02%
顧問單位,1,0.02%
顧問公司,1,0.02%
顧問之工作項目,1,0.02%
顧,1,0.02%
顏色標識,1,0.02%
顆粒的粉屑,1,0.02%
鹼性萃取劑,1,0.02%
鹼性金屬或,1,0.02%
鹼蝕刻,1,0.02%
勞工健康,1,0.02%
磊晶圓片係,1,0.02%
磊晶圓,1,0.02%
磊晶、,1,0.02%
論段數,1,0.02%
路程,1,0.02%
路器等裝置,1,0.02%
"爐內操作溫度可高達1,600",1,0.02%
勞,1,0.02%
鹼蝕刻污泥,1,0.02%
冷卻性,1,0.02%
冷卻、結晶可,1,0.02%
冷凝管低溫冷凍,1,0.02%
冷凝法,1,0.02%
冷凝吸收有機,1,0.02%
冷凝 器之後冷,1,0.02%
冷凝,1,0.02%
磊晶片、拋光片、研磨片與再生,1,0.02%
漏油、金屬粉屑及灰塵,1,0.02%
漏油與金屬,1,0.02%
漏觸電,1,0.02%
不同要求,1,0.02%
不同的處理技術,1,0.02%
不同的溶解度；,1,0.02%
不同溶解度,1,0.02%
復,1,0.02%
異性的化學蝕刻製程,1,0.02%
異常值,1,0.02%
異丙醇廢液,1,0.02%
異丙醇、丙酮、乙二醇及甲醇,1,0.02%
異丙醇90%,1,0.02%
異丙醇,1,0.02%
異,1,0.02%
率E表示萃取,1,0.02%
漏電現象,1,0.02%
漏電,1,0.02%
來自,1,0.02%
來源：許順珠、吳永俊、溫正華、許進發,1,0.02%
來源：經濟部工業局,1,0.02%
金、銅、鐵、鉻,1,0.02%
滑道,1,0.02%
車出晶片,1,0.02%
車,1,0.02%
更環 保之電池,1,0.02%
更換,1,0.02%
點,1,0.02%
黏度,1,0.02%
黏土、矽砂、鐵渣、石灰石黏土、矽砂、 鐵渣、石灰石石膏石膏水泥 水泥 ,1,0.02%
黏土、矽砂、鐵渣、石灰石石膏石膏水泥水泥生料攪拌生料攪拌,1,0.02%
麥－泰分析法作圖確,1,0.02%
鹽類之沸點,1,0.02%
鹽酸的噴霧,1,0.02%
鹽酸之 單一,1,0.02%
鹽酸中氯離子,1,0.02%
鹼金 ,1,0.02%
金 會 廣 泛 蒐 集國 內 外 相 關,1,0.02%
金屬材料在加工過程,1,0.02%
來源：半導體,1,0.02%
金屬氧化物半導體元件之矽晶圓材料,1,0.02%
浪費,1,0.02%
蠟、工具、器皿,1,0.02%
蠟,1,0.02%
拉速與溫度,1,0.02%
金鋼砂,1,0.02%
金屬切削屑,1,0.02%
金屬粒子,1,0.02%
金屬離子的萃取反應,1,0.02%
金屬離子滲透仍,1,0.02%
金屬離子污染,1,0.02%
金屬離子會,1,0.02%
金屬離子形錯 合物,1,0.02%
金屬離子之物理尺寸較大,1,0.02%
金屬鹵錯合陰離子的 鹽,1,0.02%
金屬污染,1,0.02%
面積,1,0.02%
非有害廢集塵灰或其混合物-90D-1504非有害,1,0.02%
第三分樣品,1,0.02%
鋁等,1,0.02%
鋼鐵工業的酸洗程序中,1,0.02%
鋼鐵、陶瓷,1,0.02%
鋼線,1,0.02%
鋼琴線之攜帶,1,0.02%
鋸切割晶棒之高切削率,1,0.02%
鋸片過程,1,0.02%
鋁蝕刻液,1,0.02%
鋁的作用,1,0.02%
釷,1,0.02%
鋁、鐵及鎂之氫氧化物,1,0.02%
鈣鹽,1,0.02%
鈣污泥處理,1,0.02%
鈣污泥R-2408廢活性碳資料,1,0.02%
鈣,1,0.02%
鈍態氣體,1,0.02%
鈉結晶物,1,0.02%
鋼鐵業,1,0.02%
錯合物,1,0.02%
錯合物的生成機理,1,0.02%
鍵結,1,0.02%
長晶爐內進行冶鍊,1,0.02%
長晶爐內進行,1,0.02%
長晶爐內 進行,1,0.02%
長晶爐、抽真空,1,0.02%
長晶製程,1,0.02%
長晶的成功率,1,0.02%
長晶原料,1,0.02%
長晶,1,0.02%
長完,1,0.02%
長 徑,1,0.02%
鑽石粒的鑽石刀具進行,1,0.02%
鑽石磨粒,1,0.02%
鑽石成本較,1,0.02%
鑽石,1,0.02%
鑄造,1,0.02%
鈉、鉀,1,0.02%
重力沈降方式,1,0.02%
非常,1,0.02%
酸性液清洗,1,0.02%
酸液的活度,1,0.02%
酸液,1,0.02%
酸洗製程,1,0.02%
酸洗和,1,0.02%
酸槽,1,0.02%
酸性與鹼性反應,1,0.02%
酸性溶液中,1,0.02%
酸性氣體,1,0.02%
重力沈降、過濾,1,0.02%
酸性反應,1,0.02%
酸性,1,0.02%
酸及硝酸後之廢,1,0.02%
酸中之矽,1,0.02%
酸、鹼化學試劑的輸送,1,0.02%
酸、鹼化學,1,0.02%
酸、鹼、有機溶劑和有機物質,1,0.02%
酸的活度,1,0.02%
酸與劣化,1,0.02%
酸蝕刻污泥,1,0.02%
酸蝕刻製程與鹼蝕刻製程的比較.....................................,1,0.02%
重點,1,0.02%
重要性與,1,0.02%
重複,1,0.02%
重新,1,0.02%
重 金,1,0.02%
醋酸的回收如圖6.1-2所,1,0.02%
醋酸濃度,1,0.02%
醋酸及硝酸已,1,0.02%
醋酸、氫,1,0.02%
醋酸、,1,0.02%
醋酸,1,0.02%
醇類  C2l4資料,1,0.02%
醇當,1,0.02%
酸鹼蝕刻劑,1,0.02%
酸鹼中,1,0.02%
長烷鏈的醇,1,0.02%
長鐘乳石的方式,1,0.02%
長度約為50,1,0.02%
電子業、半導體業、電機製造業、汽機車及自行車製造業、油漆製造業、 乾洗業及印刷業,1,0.02%
電池,1,0.02%
電氣及機械系統,1,0.02%
電機機械設備、,1,0.02%
電性功能之積體電路產品,1,0.02%
電弧爐,1,0.02%
電子資訊的創新與活耀,1,0.02%
電子業之清洗 劑,1,0.02%
電子材料、合晶科技,1,0.02%
閃火點11.7℃,1,0.02%
電子功能基,1,0.02%
電子元件,1,0.02%
電壓下,1,0.02%
電價鍵的帶電功能基和能與金屬離子,1,0.02%
電 池 產 業的 蓬 勃 發 展,1,0.02%
電,1,0.02%
雜質缺陷,1,0.02%
電池晶圓,1,0.02%
電池的矽晶圓材料之矽純度,1,0.02%
電池流程晶片清洗與表面處理擴散電漿蝕刻氧化層去除抗反射膜,1,0.02%
電腦、主機板,1,0.02%
非,1,0.02%
靜 電作用,1,0.02%
需要選用,1,0.02%
需的大小,1,0.02%
需求訂定回收系統,1,0.02%
電力與,1,0.02%
電路用的晶圓,1,0.02%
電路板廠,1,0.02%
電路工廠的一個重要的,1,0.02%
電阻率的晶片比較,1,0.02%
電阻率,1,0.02%
電阻讀數值,1,0.02%
電鍍,1,0.02%
"電費＋人工費＝12,480元/年＋19,500元/年＝31,980元/年年效益：該生產線回收率為85％時",1,0.02%
電荷中性物質混入,1,0.02%
雜質種類,1,0.02%
雜質的污染,1,0.02%
雜質有,1,0.02%
陰離子的機理比較複雜,1,0.02%
院 長 ,1,0.02%
限制乃,1,0.02%
阻值後,1,0.02%
防靜電劑,1,0.02%
防護系統,1,0.02%
防腐性,1,0.02%
防止,1,0.02%
防,1,0.02%
關鍵技術,1,0.02%
關鍵因素,1,0.02%
關係導致之晶圓,1,0.02%
閥件,1,0.02%
閥之尾氣,1,0.02%
間此認定,1,0.02%
間 匆 促,1,0.02%
除,1,0.02%
陰離子與 非離子型之濕潤劑,1,0.02%
雜質含量較少之特性,1,0.02%
陶瓷時之柵板柵板是在燒,1,0.02%
雜質含量,1,0.02%
雜質之處理技術稱為,1,0.02%
雜油,1,0.02%
雙面研磨,1,0.02%
雙氧水體系,1,0.02%
雙月刊第74 期第三卷,1,0.02%
雙月,1,0.02%
雙方共同,1,0.02%
際 ,1,0.02%
階段參數,1,0.02%
階段的能源消 ,1,0.02%
階段工作內容說明如下：訂定回收,1,0.02%
陽離子形式,1,0.02%
陷留,1,0.02%
陶瓷時之柵板流程.....................................74,1,0.02%
不夠,1,0.02%
不燃性,1,0.02%
不相溶的液,1,0.02%
切削油中之礦物油,1,0.02%
切削油之pH 值介於,1,0.02%
切削油之pH 值,1,0.02%
切削油中的金屬粒子,1,0.02%
切削油中的雜質,1,0.02%
切削油中的乳化劑,1,0.02%
切削油中帶負,1,0.02%
切削油中分離,1,0.02%
切削加工兩種,1,0.02%
識 氣瓶的名稱 氣瓶的顏色氣瓶表面字樣的顏色氫氣深綠紅 氧氣天藍黑氨氣 黃黑氯氣草綠白 壓縮空氣黑白 硫化氫白紅 石油氣內進行生產,1,0.02%
切削劑的磨料普遍採用,1,0.02%
切削劑回收,1,0.02%
切削劑,1,0.02%
切削 粉與切削油,1,0.02%
切 片及研磨製程,1,0.02%
切 削油使用期限,1,0.02%
切 ,1,0.02%
切削油之乳化穩定性,1,0.02%
切削油之標準,1,0.02%
切削油之穩定性,1,0.02%
切削油區 ,1,0.02%
切削油進流速度,1,0.02%
切削油資源,1,0.02%
切削油穩定性與防腐性,1,0.02%
切削油的貯存槽,1,0.02%
切削油的處理成本,1,0.02%
切削油的組成成份相當,1,0.02%
切削油的穩定性,1,0.02%
切削油的滲漏油含量,1,0.02%
切削油的油基 漿料,1,0.02%
切削油的固態雜質,1,0.02%
切削油的優點,1,0.02%
切削油的使用量,1,0.02%
切削油的使用壽命,1,0.02%
切削油混合之切削劑,1,0.02%
切削油時,1,0.02%
切,1,0.02%
識,1,0.02%
不足,1,0.02%
理念於製程和產品之開發,1,0.02%
離子純水,1,0.02%
離子的溶劑萃取,1,0.02%
離子水與丙酮先後,1,0.02%
離子或,1,0.02%
離子交換,1,0.02%
離子M與螯合劑,1,0.02%
離器,1,0.02%
理論數 據,1,0.02%
狀況下,1,0.02%
理想的資源,1,0.02%
泥部分原料再,1,0.02%
泥資源化技術1無機污泥,1,0.02%
泥資源化,1,0.02%
泥窯之輔助燃料,1,0.02%
泥窯,1,0.02%
泥的原料,1,0.02%
離子締合物,1,0.02%
離子與以上兩種功能基成,1,0.02%
離子電位中 性,1,0.02%
離子狀態,1,0.02%
狀態下,1,0.02%
狀態,1,0.02%
狀,1,0.02%
粒度,1,0.02%
粒混合,1,0.02%
粒污染,1,0.02%
粒子,1,0.02%
粒,1,0.02%
立場運用,1,0.02%
臨界流體之優 異,1,0.02%
離物的物理特性,1,0.02%
離洗淨研磨洗淨剝離,1,0.02%
離機分離,1,0.02%
離心,1,0.02%
離廠後之使用、回用、棄置,1,0.02%
切削油過濾與分離之設備,1,0.02%
切削的作用,1,0.02%
切削線上,1,0.02%
：20分/日×26 日/月＝520分/月每年處理時間為520分/月×12月,1,0.02%
：廠內製程單元之污染源清查,1,0.02%
：將外表破損的矽,1,0.02%
：乳化型切削油 乳化型切削油係由礦物油與乳化劑,1,0.02%
：■操作簡單,1,0.02%
：http://www.sulzerchemtech.com/eprise/SulzerChemtech/Sites/products_services/pervap.html,1,0.02%
：ITRS；工研院 IEK-ITIS計畫圖2.1-,1,0.02%
：2F-＋ CaCl2  →  CaF,1,0.02%
：1：1或7：,1,0.02%
切削能力,1,0.02%
：1矽晶圓片化學,1,0.02%
：1的鹼性清洗液清洗,1,0.02%
：1找出可應用,1,0.02%
／片晶圓廢棄物排放13.0  kg／片晶圓資料來源：許順珠、吳永俊、溫正華、許進發,1,0.02%
－泰法作圖計算,1,0.02%
－93   C7.8－,1,0.02%
－93,1,0.02%
：張亞非,1,0.02%
：操作方便,1,0.02%
：本法適合量大且可,1,0.02%
：測試,1,0.02%
～2009 年,1,0.02%
～2004 年的全球矽晶圓材料,1,0.02%
～1°3°之傾斜度650℃～1250℃1100℃～1370,1,0.02%
～0.8μm線寬   C7.5－,1,0.02%
～0.2μm線寬電路製程,1,0.02%
～,1,0.02%
＝式中 Kd為分配係數,1,0.02%
＜10,1,0.02%
"；780,000×85％＝663,000元780,000×",1,0.02%
：薄膜,1,0.02%
：經濟部工業局出版,1,0.02%
：節省切削油,1,0.02%
：第一章：說明本手冊編撰緣由,1,0.02%
：研磨,1,0.02%
：物料處理量,1,0.02%
－90   C,1,0.02%
－2021年矽晶圓材料技術發展技術藍,1,0.02%
－,1,0.02%
行動電話,1,0.02%
切片與研磨製程,1,0.02%
切片等,1,0.02%
切片機上,1,0.02%
切片是晶圓成形的第一個,1,0.02%
切片及研 磨製程,1,0.02%
切片及加工過程中,1,0.02%
切片前需,1,0.02%
切片、圓,1,0.02%
切成矽晶圓薄片,1,0.02%
切屑等,1,0.02%
切割法圖6.3-1晶圓切割方式比較圖,1,0.02%
切割機上的切削線,1,0.02%
切割機,1,0.02%
切割成為太陽能電池,1,0.02%
切割、研磨,1,0.02%
度、氧及碳含量均勻度及金屬,1,0.02%
行性試驗,1,0.02%
＋2KOH＋H2O → K2SiO3＋2H2↑常用KOH飽和溶液,1,0.02%
行業別較,1,0.02%
＋2HNO3,1,0.02%
＋,1,0.02%
＊玻璃板僅在,1,0.02%
）,1,0.02%
（,1,0.02%
"％＝702,000元回收廢溶劑支出部分：  A電費",1,0.02%
＂,1,0.02%
﹕  R3N(o+A－  式中A代表酸根離子,1,0.02%
都可,1,0.02%
精度,1,0.02%
精餾裝置,1,0.02%
精餾方法,1,0.02%
精準幾何尺寸的薄晶圓片,1,0.02%
見,1,0.02%
降低,1,0.02%
泥添加劑排水混和乾燥回收溶劑圖5.3-5有機混合廢溶劑,1,0.02%
泥殘渣回收溶劑-97-使用之共沸劑為非,1,0.02%
泥替代水泥原料再利用,1,0.02%
兩相中存在,1,0.02%
量 ,1,0.02%
良率與品質之重要,1,0.02%
良,1,0.02%
兩類,1,0.02%
兩邊,1,0.02%
兩者,1,0.02%
兩種以上,1,0.02%
兩相中,1,0.02%
年以後,1,0.02%
兩相,1,0.02%
兩案 例,1,0.02%
兩大,1,0.02%
兩,1,0.02%
若設計規劃,1,0.02%
若干塊塔板,1,0.02%
若干區塊,1,0.02%
量 的控制,1,0.02%
量之依據,1,0.02%
量之預期效果,1,0.02%
量及化學廢液量,1,0.02%
年6 月,1,0.02%
力損傷及這種,1,0.02%
力,1,0.02%
濾網收集,1,0.02%
濾系統,1,0.02%
濾方式,1,0.02%
濾技術,1,0.02%
量都,1,0.02%
量硫酸亞鐵反 ,1,0.02%
量節省 能源,1,0.02%
量產供應,1,0.02%
量為,1,0.02%
量有機酸,1,0.02%
量方面,1,0.02%
量推估與清理現況,1,0.02%
若以異,1,0.02%
沈降密閉儲存,1,0.02%
沈積內,1,0.02%
參考依據之外,1,0.02%
參照圖3.1-,1,0.02%
數量,1,0.02%
數百顆的積體電路,1,0.02%
數百道加工程序,1,0.02%
數百微米的矽晶圓片,1,0.02%
數據之運算,1,0.02%
數據,1,0.02%
數工廠,1,0.02%
數小時,1,0.02%
數十,1,0.02%
數 據的正確性,1,0.02%
不易水解,1,0.02%
不良 品8-100   E-0399其他無法歸類之混合五金,1,0.02%
不銹鋼管SUS316L作為,1,0.02%
不銹鋼,1,0.02%
參考,1,0.02%
參數,1,0.02%
沈澱,1,0.02%
參數是,1,0.02%
說是單晶,1,0.02%
說明該公司之環境特性分析之作業方式,1,0.02%
說明書、訂單,1,0.02%
省電能,1,0.02%
省鉅額費用,1,0.02%
省處理費,1,0.02%
省能源及設備,1,0.02%
省能源,1,0.02%
省燃料外,1,0.02%
省時、省力、省物、省電、,1,0.02%
省化學清洗,1,0.02%
塞噴嘴或,1,0.02%
塞,1,0.02%
參數酸,1,0.02%
參數為加,1,0.02%
年8 月I  目 錄    頁碼第一章 前言,1,0.02%
年全球矽晶圓市場需求65.79億平方英吋,1,0.02%
泥前加工處理流程擠出成形乾燥旋窯,1,0.02%
硫酸相似,1,0.02%
類由金屬錯合陰離子,1,0.02%
類由金屬,1,0.02%
類由螯合劑,1,0.02%
類常見有,1,0.02%
"類型廢油COD污染強度為35,000",1,0.02%
類型工廠的其他回收系統,1,0.02%
硫酸鹽,1,0.02%
硫酸濃度,1,0.02%
年進口金額,1,0.02%
硫酸清洗原料表面極,1,0.02%
硫酸、磷酸、高 濃度氫氟酸及醋酸、硝酸,1,0.02%
硫酸 鐵產物,1,0.02%
流離,1,0.02%
流體萃取,1,0.02%
流系統,1,0.02%
流程評估研究,1,0.02%
類矽晶圓製造業廢棄物之處理機構,1,0.02%
類與數量,1,0.02%
類：a.酮系：丙酮等,1,0.02%
陸運方式,1,0.02%
泥之資源化,1,0.02%
泥中,1,0.02%
泥A再,1,0.02%
泥 生料攪拌 生料,1,0.02%
易爆物,1,0.02%
易溶,1,0.02%
易揮發性,1,0.02%
利系統之管理維護,1,0.02%
利用溶劑萃取技術,1,0.02%
利用氟化,1,0.02%
利用機構係,1,0.02%
利用作為水泥廠,1,0.02%
利息之損失,1,0.02%
利 ,1,0.02%
利,1,0.02%
流程規劃,1,0.02%
流程的可行 性,1,0.02%
流程的優缺點充分與委託者,1,0.02%
了安全及避免系統的污染,1,0.02%
了 ,1,0.02%
例乃,1,0.02%
例....................................................................,1,0.02%
零件清單的內容,1,0.02%
零件所,1,0.02%
零件取得的難易度,1,0.02%
念來處理,1,0.02%
列一張清單,1,0.02%
連續產生低濃度廢氣之作業場合,1,0.02%
連續,1,0.02%
連結車做為,1,0.02%
煉、鹽酸氯化及蒸餾處理後,1,0.02%
"年＝6,240 分/年以6,240分/年折合工作天數為13工作天",1,0.02%
年更由,1,0.02%
年需求量,1,0.02%
了乳化外來油,1,0.02%
料,1,0.02%
流程圖,1,0.02%
料-65-,1,0.02%
流程可溯自1950年Teal及 Little,1,0.02%
流程及晶圓片類,1,0.02%
流程.............................................................61圖,1,0.02%
流程...........................................................................109            VI 表 目 錄   ,1,0.02%
流程...................................................................................58   圖5.3,1,0.02%
流程.......................................................................................8,1,0.02%
流槽除水,1,0.02%
流槽之尾氣後排,1,0.02%
流子壽命,1,0.02%
流動狀態,1,0.02%
流 程如圖,1,0.02%
流,1,0.02%
龍頭,1,0.02%
料土相似,1,0.02%
料之防凍劑、脫水劑、清潔劑及防 腐劑,1,0.02%
酵母、食物添加劑、酵母食品等,1,0.02%
配料生料研磨 生料研磨研磨 研磨 熟料,1,0.02%
配線,1,0.02%
自89 年執行迄今,1,0.02%
舊塗膜、清洗,1,0.02%
臺北市,1,0.02%
致,1,0.02%
至今,1,0.02%
臭氧冷,1,0.02%
自然重力,1,0.02%
自動化,1,0.02%
自,1,0.02%
腐蝕性,1,0.02%
膳雜等,1,0.02%
膠塗布 等之自動化作業系統中,1,0.02%
膜的另一側氣化,1,0.02%
膜上,1,0.02%
膜,1,0.02%
腙等螯合 萃取,1,0.02%
腔內的體積較,1,0.02%
般在,1,0.02%
般業者,1,0.02%
般自轉,1,0.02%
芳香族化合物,1,0.02%
萃合物能,1,0.02%
萃取精餾,1,0.02%
萃取設備主要,1,0.02%
萃取物的總量,1,0.02%
萃取是,1,0.02%
萃取效應,1,0.02%
萃取器,1,0.02%
萃取反應為﹕  Mn+ + nHA(o) ←→ MAn(,1,0.02%
萃取劑時,1,0.02%
華科技圖書股份,1,0.02%
菌裝置、濾,1,0.02%
莫耳分率即,1,0.02%
莫耳分率,1,0.02%
苯之飽和,1,0.02%
芳香烴,1,0.02%
腐蝕或,1,0.02%
腐蝕及廢水問題,1,0.02%
衝突,1,0.02%
者之間時,1,0.02%
聚氟,1,0.02%
聚四氟乙烯,1,0.02%
聚 合物種類型式,1,0.02%
耐火板,1,0.02%
而後,1,0.02%
而 言,1,0.02%
者為台灣,1,0.02%
考量＂,1,0.02%
脫硫的程序,1,0.02%
考慮,1,0.02%
翁 文,1,0.02%
羥基,1,0.02%
置於,1,0.02%
缺點為,1,0.02%
缺陷還,1,0.02%
缺陷的矽晶棒,1,0.02%
聚氯乙烯等,1,0.02%
聚集,1,0.02%
肥料、防火劑、植物,1,0.02%
背景資料,1,0.02%
脫水旋乾,1,0.02%
脈衝,1,0.02%
能力之布雷登熱泵,1,0.02%
能源轉換之目,1,0.02%
能源產品,1,0.02%
能源消耗、空氣污染物排放、,1,0.02%
"能源消耗81,06881,07861,512資料來源：許順珠",1,0.02%
"能源消耗2,306.8MJ",1,0.02%
能源以,1,0.02%
能源之來源,1,0.02%
能沉降,1,0.02%
能斯特,1,0.02%
能承受溫度,1,0.02%
能影響長晶,1,0.02%
能夠完全,1,0.02%
著,1,0.02%
著火之,1,0.02%
蒸氣壓,1,0.02%
虞,1,0.02%
蝕刻效果,1,0.02%
蝕刻所產生,1,0.02%
蝕刻分為,1,0.02%
蝕刻作業後的廢混酸,1,0.02%
蝕刻之矽晶圓片做為,1,0.02%
蝕刻之廢混酸組成.........................................................................89   表,1,0.02%
蝕刻之廢混酸,1,0.02%
處理流程之後,1,0.02%
蒸汽壓,1,0.02%
處理量每日,1,0.02%
處理過程,1,0.02%
處理資料,1,0.02%
處理製程,1,0.02%
處理處置,1,0.02%
處理藥品費、污泥處理費,1,0.02%
處理系統是,1,0.02%
蝕刻液,1,0.02%
蝕刻液中,1,0.02%
蝕刻液中的濃度,1,0.02%
蝕刻液中的緩衝劑,1,0.02%
螢石之化學主要 成分,1,0.02%
融,1,0.02%
蝕刻銅液的銅回收,1,0.02%
蝕刻速率與矽晶圓片的各個結 晶方向有關,1,0.02%
蝕刻速率與晶片表面的機械損傷程度,1,0.02%
蝕刻製程與鹼蝕刻製程的比較,1,0.02%
蝕刻製程技術,1,0.02%
蝕刻製程大,1,0.02%
蝕刻製程,1,0.02%
蝕刻系統自動化,1,0.02%
蝕刻矽晶圓片之基礎,1,0.02%
蝕刻的蝕刻速率,1,0.02%
蝕刻的反應,1,0.02%
蝕刻的作用,1,0.02%
蝕刻液的純度,1,0.02%
處理系 統,1,0.02%
處理水水質,1,0.02%
處理水,1,0.02%
薄膜兩側化學勢,1,0.02%
薄膜形式,1,0.02%
薄膜之現象,1,0.02%
薄膜之滲 透作用,1,0.02%
薄膜中,1,0.02%
薄膜並,1,0.02%
薄片,1,0.02%
蒸餾法,1,0.02%
蒸餾條件,1,0.02%
蒸餾方式,1,0.02%
蒸餾塔,1,0.02%
蒸餾回收裝置,1,0.02%
蒸餾回收為,1,0.02%
蒸餾/分餾方 式,1,0.02%
蒸發是,1,0.02%
蒸發,1,0.02%
薄膜兩側,1,0.02%
藉由外在力量造成晶圓,1,0.02%
處理步驟,1,0.02%
藻類,1,0.02%
處理機構,1,0.02%
處理業者而言,1,0.02%
處理方式廢溶劑之妥善處理方式,1,0.02%
處理揮發性之廢溶劑,1,0.02%
處理措施,1,0.02%
處理技術與案例,1,0.02%
處理廢溶劑之爐型選擇,1,0.02%
處理廠的流程規劃,1,0.02%
處理對象成分,1,0.02%
處理容量-119-參考文獻1廢棄物資源回及處理設備技術手冊及案例彙編,1,0.02%
處理功能,1,0.02%
處理之觀念上雖,1,0.02%
處置,1,0.02%
處 理,1,0.02%
處,1,0.02%
缺陷均,1,0.02%
纖維-2780D-0802廢,1,0.02%
纖維,1,0.02%
系統之程式控制器準確性,1,0.02%
系統同時規劃,1,0.02%
系統原水槽 原,1,0.02%
系統保證書的內容,1,0.02%
系統供應商的依據,1,0.02%
系統供應商有,1,0.02%
系統供應商後,1,0.02%
系統供應商,1,0.02%
系統之備用零件應,1,0.02%
純水泵、TOC去除,1,0.02%
系統之作業程序及預定進度,1,0.02%
系統中還應該,1,0.02%
系 統的功能,1,0.02%
粗糙,1,0.02%
粉碎篩選,1,0.02%
粉末鹼味,1,0.02%
粉末,1,0.02%
系統安裝、試車及操作人員訓,1,0.02%
系統實際,1,0.02%
系統廠牌的重要,1,0.02%
系統未設置前,1,0.02%
純化醋酸,1,0.02%
純化方法,1,0.02%
純化學試劑,1,0.02%
純 物 程序,1,0.02%
系統需,1,0.02%
系統配置圖、,1,0.02%
系統設計,1,0.02%
系統規劃設計書,1,0.02%
系統規劃,1,0.02%
系統要素評估模廠材質、設備選用,1,0.02%
系統的設計,1,0.02%
系統的污染,1,0.02%
系統的付費方式,1,0.02%
系統測試與試車設備,1,0.02%
系統清洗,1,0.02%
粉屑等,1,0.02%
粉屑的切削油,1,0.02%
粉屑的清除,1,0.02%
管路、噴霧器等,1,0.02%
管線,1,0.02%
管油浴或,1,0.02%
管制進料之氯含量,1,0.02%
策略,1,0.02%
等流程,1,0.02%
等缺陷,1,0.02%
等特殊機構及製程手段來,1,0.02%
等溫萃取線及醋酸的麥泰 ,1,0.02%
等拋光劑加於,1,0.02%
等五大類,1,0.02%
第六章：彙集實際,1,0.02%
第四章：以,1,0.02%
第五章：針對適用,1,0.02%
第二階段,1,0.02%
第二章：介紹矽,1,0.02%
管道、市場價格、經營方式,1,0.02%
管路系統,1,0.02%
粉屑、油脂,1,0.02%
管理..................................................................................................32第五章廢棄物資源化技術,1,0.02%
粉塵,1,0.02%
簡易型的溶劑,1,0.02%
簡易回收設備進行溶劑回收,1,0.02%
簡易回收設備,1,0.02%
簡圖D.薄膜分離法薄膜分離係指分子混合狀態之氣體或液體,1,0.02%
簡圖.................................................................................63IV,1,0.02%
簡單,1,0.02%
範疇長晶磊晶 拋光研磨切割拉晶,1,0.02%
範圍,1,0.02%
節省處理之操作成本,1,0.02%
節能,1,0.02%
節係針對產生各類廢棄物欲進行資源化工作,1,0.02%
節,1,0.02%
管理措施,1,0.02%
管理內容,1,0.02%
純水沖洗,1,0.02%
純水洗滌,1,0.02%
總量,1,0.02%
統計國內,1,0.02%
經濟效益分析－,1,0.02%
經濟效益,1,0.02%
經濟效率,1,0.02%
經濟效 益,1,0.02%
經濟性與合理,1,0.02%
經 理 、 合 ,1,0.02%
經 驗,1,0.02%
結構,1,0.02%
純水的使用消耗量相當,1,0.02%
結果類似,1,0.02%
結果輸入計算,1,0.02%
結果軟體DoitPro1.1 版,1,0.02%
結果加以修改,1,0.02%
結束後,1,0.02%
結晶物與母液,1,0.02%
結晶水狀態而,1,0.02%
經濟效益分析－包括廠內,1,0.02%
經濟效益考量,1,0.02%
經濟的層面考量,1,0.02%
經濟與環保,1,0.02%
總,1,0.02%
緩衝劑,1,0.02%
緩慢旋轉,1,0.02%
編號系統進行,1,0.02%
編,1,0.02%
線切割機的切削動作,1,0.02%
線切割機,1,0.02%
線鋸切割方式取代,1,0.02%
線鋸切割可,1,0.02%
線徑,1,0.02%
線,1,0.02%
網印燒結,1,0.02%
維修能力,1,0.02%
經驗上,1,0.02%
經濟部工業局,1,0.02%
結晶方位之偏差,1,0.02%
結晶方位、阻值及各種不純物之含量,1,0.02%
結晶,1,0.02%
純度氮氣,1,0.02%
純度多,1,0.02%
純度化學試劑的SEMI標準的主要技術指標見表4.2-2所示,1,0.02%
純度之硫酸,1,0.02%
純度85%以上者,1,0.02%
純的Si可分成,1,0.02%
純物的純度,1,0.02%
純無機酸,1,0.02%
純水量,1,0.02%
純水系統設計,1,0.02%
純水系統的流程自來水,1,0.02%
純水系統中,1,0.02%
純水系統,1,0.02%
純水的管路設計均,1,0.02%
純水的管路系統,1,0.02%
純水的用量,1,0.02%
純度氣體的供應方式,1,0.02%
純度溶劑,1,0.02%
組分的組分萃取,1,0.02%
純度的化學品,1,0.02%
組分,1,0.02%
組件設備的成本較,1,0.02%
組 ,1,0.02%
細部,1,0.02%
細菌滋生切削油若含有過量,1,0.02%
細孔,1,0.02%
紫外線挖俊,1,0.02%
素類可,1,0.02%
晶體直徑,1,0.02%
純度石英,1,0.02%
純度的純酸；,1,0.02%
純度的矽原料進行,1,0.02%
純度的氣體,1,0.02%
純度的原料,1,0.02%
純度的化學用品,1,0.02%
螯合,1,0.02%
表,1,0.02%
配管,1,0.02%
資料來源：廢有機溶劑,1,0.02%
超純水緩衝罐及,1,0.02%
超純水系統的,1,0.02%
超大規模,1,0.02%
質譜,1,0.02%
資料不足,1,0.02%
資料來源：許順珠、吳永俊、溫正華,1,0.02%
資料來源：芝田隼次．森川正貴．山本秀樹,1,0.02%
資料來源：工研院環安中心,1,0.02%
資源回收價值,1,0.02%
資料來源,1,0.02%
資料該公司使用之能源以電力,1,0.02%
資料的收集與比對,1,0.02%
資料收集與會,1,0.02%
資料彙整,1,0.02%
資料庫數據,1,0.02%
資料判讀研析-,1,0.02%
超聲 波,1,0.02%
超聲波聲,1,0.02%
超過98,1,0.02%
超臨界流體,1,0.02%
輔助燃料輔助燃料輔助燃料耐火磚耐火磚 ％120-2001.0-3.0秒之平均氣體停留時間排氣,1,0.02%
輔助,1,0.02%
載體表面上,1,0.02%
載體,1,0.02%
較便宜環境保護處理環保處理,1,0.02%
較高,1,0.02%
較為複雜,1,0.02%
較一般,1,0.02%
軟體之分析結果,1,0.02%
軟化處理系統電滲去離子系統前處理真空脫氣,1,0.02%
踏勘,1,0.02%
距離計算約80公里,1,0.02%
距離則以基,1,0.02%
趨向,1,0.02%
越,1,0.02%
資料之後,1,0.02%
資源化處理,1,0.02%
表 5.3,1,0.02%
謝 朝 陽 科 技 大 學 環 境 工 程 與 管 理系 王 文 裕 助,1,0.02%
負擔,1,0.02%
豐富的水泥窯中燃燒,1,0.02%
變質後的切削油,1,0.02%
變形,1,0.02%
變化,1,0.02%
議題 LCA運算結果~不含運輸 LCA運算結果~含運輸廠,1,0.02%
謨萊石,1,0.02%
調節噴嘴,1,0.02%
資源化系統,1,0.02%
調整修改,1,0.02%
課題,1,0.02%
誤 漏 植 之處,1,0.02%
認真考慮,1,0.02%
"認定原則廢溶劑特性認定原則熱值大於2,000kcal/kg灰分小於12%含氯量小於",1,0.02%
詳列系統,1,0.02%
詳 細說,1,0.02%
負荷種類 LCA計算結果,1,0.02%
負荷率,1,0.02%
負載活性,1,0.02%
貨櫃所,1,0.02%
資源化案例 1前言,1,0.02%
資源化案例,1,0.02%
資源化技術廢溶劑之種,1,0.02%
資源化技術半導體業及光電業因為蝕刻,1,0.02%
資源化技術,1,0.02%
資格：領有工廠登記證,1,0.02%
資 料 蒐,1,0.02%
資 源,1,0.02%
資,1,0.02%
貼板上,1,0.02%
貼合在,1,0.02%
貴金屬及硝酸鹽類或,1,0.02%
貯槽內,1,0.02%
貯存槽中,1,0.02%
貯存容 器,1,0.02%
輕便靈,1,0.02%
輥軋、,1,0.02%
輸入資料 表4.1-,1,0.02%
過程係,1,0.02%
達到,1,0.02%
過濾設備以,1,0.02%
過程的優點,1,0.02%
過程所產生的污泥由於加工,1,0.02%
過程出現,1,0.02%
過程全程,1,0.02%
過程先,1,0.02%
過程之殘渣,1,0.02%
輸送供氣過程中,1,0.02%
過程中所使用,1,0.02%
過氧化氫,1,0.02%
過後,1,0.02%
過多的滲漏油而,1,0.02%
過去二十年的發展過程中,1,0.02%
過 ,1,0.02%
過,1,0.02%
適用,1,0.02%
遲滯,1,0.02%
選擇性萃 取,1,0.02%
選擇時,1,0.02%
配方,1,0.02%
配合物,1,0.02%
配合,1,0.02%
部分的原料,1,0.02%
部分為,1,0.02%
部分包括,1,0.02%
部分之塔板上,1,0.02%
部份的運輸負荷,1,0.02%
那些狀況,1,0.02%
那些零件最容易故障,1,0.02%
那些零件可,1,0.02%
那些更改,1,0.02%
那些,1,0.02%
邊磨機進行,1,0.02%
選用程序,1,0.02%
運送方式,1,0.02%
運轉於,1,0.02%
運轉,1,0.02%
通訊,1,0.02%
通常,1,0.02%
通 ,1,0.02%
這過程之中,1,0.02%
這種化學清洗技術是,1,0.02%
這種,1,0.02%
這些現象,1,0.02%
這些污染物,1,0.02%
這些氣體上亦,1,0.02%
這些廢酸,1,0.02%
透析擴散,1,0.02%
辨認,1,0.02%
轉速的分離,1,0.02%
轉動除,1,0.02%
輸送系統中應,1,0.02%
輸送外,1,0.02%
通常廢溶劑,1,0.02%
通訊藍寶石晶圓、光電產業之氧化物晶圓,1,0.02%
運輸數據,1,0.02%
速率方式,1,0.02%
運輸方面,1,0.02%
運費與設置費外,1,0.02%
運算結果皆,1,0.02%
運算結果之差異情形彙整如,1,0.02%
運算之原物料量約,1,0.02%
運算,1,0.02%
運用,1,0.02%
運 ,1,0.02%
進行結晶定位,1,0.02%
進行拋光,1,0.02%
進流口,1,0.02%
進貨日期、訂單編號,1,0.02%
進口國,1,0.02%
造成不均勻表面,1,0.02%
速度減緩,1,0.02%
該體系中,1,0.02%
該系統之包裝上,1,0.02%
該產業發展現況,1,0.02%
製程技術,1,0.02%
製程線及製程槽納入,1,0.02%
製程相比,1,0.02%
製程監控,1,0.02%
製程的矽晶圓廠,1,0.02%
製程的品質與成本,1,0.02%
製程特性,1,0.02%
製程條件,1,0.02%
製程所,1,0.02%
西門子公司,1,0.02%
製程對,1,0.02%
製程及原理A製程D 廠,1,0.02%
製程及原理A製程   E 廠,1,0.02%
製程分離,1,0.02%
製程之切片,1,0.02%
製程主要,1,0.02%
製程中重要的撓曲性質,1,0.02%
製程要求,1,0.02%
製程設備是密閉,1,0.02%
製程運轉費用,1,0.02%
製程需要,1,0.02%
複雜,1,0.02%
複合,1,0.02%
製造流程...............................................................................,1,0.02%
製造水泥之主要原料,1,0.02%
製造業資源,1,0.02%
製造業範圍及其,1,0.02%
製造業的產量,1,0.02%
製造業產生,1,0.02%
製造業常,1,0.02%
製造業之混合廢溶劑再,1,0.02%
製造技術,1,0.02%
製造廠,1,0.02%
製造商及溶劑,1,0.02%
製造商,1,0.02%
製程切片生產,1,0.02%
製程中清洗、表面塗裝,1,0.02%
製程中分類,1,0.02%
製程上的需求,1,0.02%
表面粗糙度不,1,0.02%
表面積,1,0.02%
表面磨削技術,1,0.02%
表面的損 傷層,1,0.02%
表面活性劑兩種,1,0.02%
表面拋光,1,0.02%
表面平坦,1,0.02%
表面加工的最後一道步驟,1,0.02%
表面傾斜,1,0.02%
表面之活性劑,1,0.02%
表面之水分,1,0.02%
表面上的微粒容易去掉,1,0.02%
表示,1,0.02%
表現,1,0.02%
表6.2-,1,0.02%
表6.1-,1,0.02%
表面粗糙度容易吸附,1,0.02%
表面處理程序,1,0.02%
製程上的一個挑戰,1,0.02%
表面蝕刻,1,0.02%
製程、產品,1,0.02%
製程 鹼蝕刻製程蝕刻特性各向同性各向異性蝕刻反應的熱量放熱吸熱表面平坦度需要依靠晶片旋轉、特製的夾 具、通氣體,1,0.02%
製磚用土中,1,0.02%
製磚,1,0.02%
製成太陽能,1,0.02%
製循環處理-42-5高純度化學試劑及高純度氣體管理半導體工業常用的化學,1,0.02%
製品業資源,1,0.02%
製品,1,0.02%
製作困難,1,0.02%
補充溶劑新鮮,1,0.02%
被稱為一門,1,0.02%
被,1,0.02%
表面電導,1,0.02%
表面蝕刻處理,1,0.02%
表面蝕刻斑點殘留印 痕,1,0.02%
複雜環保,1,0.02%
要素,1,0.02%
該產業廢棄物資源,1,0.02%
評估作業,1,0.02%
評估流程工廠在規劃設置,1,0.02%
評估流程,1,0.02%
評估系統是否,1,0.02%
評估建議書,1,0.02%
評估實驗流程工廠提供背景資料適用性,1,0.02%
評估及選擇合適的回收,1,0.02%
評估供應商,1,0.02%
評估,1,0.02%
規則的蝕刻結構,1,0.02%
評 估研究,1,0.02%
評 估 研 究 建 ,1,0.02%
許順珠、吳永俊,1,0.02%
許多污泥或,1,0.02%
設計的審核工作,1,0.02%
設計圖編號、預期,1,0.02%
設計及廠內,1,0.02%
評估流程背景資料蒐集廢棄物,1,0.02%
評核,1,0.02%
試劑和,1,0.02%
試驗,1,0.02%
該產業,1,0.02%
該產 業 廢 棄 物 資 源 化 技,1,0.02%
該溫度時異,1,0.02%
該溫度時,1,0.02%
該廠本項工作,1,0.02%
該半導體工廠的生產規模,1,0.02%
該公司環境特性資料,1,0.02%
該公司八吋 矽晶圓產品的環境特性資訊,1,0.02%
該公司內部之統計數據,1,0.02%
該公司 廠務部門之全年,1,0.02%
該作業可,1,0.02%
該,1,0.02%
話,1,0.02%
試車及,1,0.02%
試車,1,0.02%
設計之後,1,0.02%
設置前應先行測試,1,0.02%
設置、,1,0.02%
計算產品生命週期環境負荷時之參考數據,1,0.02%
計畫,1,0.02%
解離,1,0.02%
解決方案,1,0.02%
角度,1,0.02%
觀念也與,1,0.02%
觀念,1,0.02%
觀點,1,0.02%
規格、人員 訓練與試車,1,0.02%
規格.................................................................................98,1,0.02%
規定71 表6,1,0.02%
規定,1,0.02%
規劃評估實驗流程..........................................................106,1,0.02%
規劃設計與工程施工,1,0.02%
規劃書中,1,0.02%
規劃前,1,0.02%
計算所得的結果,1,0.02%
訓練,1,0.02%
設置,1,0.02%
記號,1,0.02%
設施處理,1,0.02%
設施,1,0.02%
設定加溫溫度,1,0.02%
設備費用,1,0.02%
設備評估,1,0.02%
設備設計考量,1,0.02%
設備處理功能,1,0.02%
設備的設計溶劑萃取,1,0.02%
設備時,1,0.02%
設備折舊,1,0.02%
設備容量,1,0.02%
設備單價,1,0.02%
設備商,1,0.02%
設備之預期處理功能等,1,0.02%
設備之選用程序及成本分析之要項,1,0.02%
晶粒,1,0.02%
       - ,1,0.02%
晶體的直徑,1,0.02%
X製程上,1,0.02%
c萃取劑分離容易,1,0.02%
c,1,0.02%
b高壓,1,0.02%
b選擇低臨界,1,0.02%
b.酯系乙酸乙酯等,1,0.02%
a.整體,1,0.02%
Z.是否可,1,0.02%
W廠區配置圖,1,0.02%
TA-SA與 FR,1,0.02%
Wire Saw所使用,1,0.02%
Wacker,1,0.02%
V或220V,1,0.02%
U-PVC材質管,1,0.02%
T製程,1,0.02%
Teal在1954,1,0.02%
TOC微過濾微過濾紫外線殺菌各個,1,0.02%
e.具無,1,0.02%
e.可,1,0.02%
e.鹵化烴：三氯乙烯,1,0.02%
f.溶纖劑：乙基溶纖劑等,1,0.02%
mol/L氫氟酸的混合酸液,1,0.02%
mol,1,0.02%
mm等大尺寸,1,0.02%
mmHg,1,0.02%
mm,1,0.02%
m3/h,1,0.02%
m3,1,0.02%
i為,1,0.02%
i廢溶劑處理,1,0.02%
i在氣相中之蒸氣分壓,1,0.02%
hr之廢氣而言,1,0.02%
g/l,1,0.02%
g.占用空間,1,0.02%
f裝置主要,1,0.02%
f.質傳速度,1,0.02%
TCS置於化學,1,0.02%
Si及SiC含有,1,0.02%
NH、胇基,1,0.02%
O/A比2.3的五段逆流水洗後,1,0.02%
PFA材質管路,1,0.02%
P0i為純,1,0.02%
P 型摻雜物,1,0.02%
O買方,1,0.02%
OH、羧基,1,0.02%
O/A比洗,1,0.02%
O/A比4.0的九段逆流水脫除得濃度,1,0.02%
O/A比2.0的三段逆流水洗後,1,0.02%
Si及SiC,1,0.02%
O/A比2.0,1,0.02%
O/A比(,1,0.02%
O/A=10洗滌液：12mol/L醋酸,1,0.02%
O/A=10洗滌液,1,0.02%
O/A=10作圖法分析,1,0.02%
O/A=10,1,0.02%
N系統,1,0.02%
PO,1,0.02%
PU合成皮之二甲基甲醯胺或膠帶,1,0.02%
Pi = P0 i× Xi其中,1,0.02%
Pw=P0 w×Xw,1,0.02%
Si及 SiC,1,0.02%
SiO2的懸浮矽酸膠,1,0.02%
SiO2、,1,0.02%
SiC 板,1,0.02%
Si+4HNO3+18HF→3H2SiF6+4NO+8H2O在化學蝕刻製程中,1,0.02%
Shibata教授等則,1,0.02%
SO3H、肟 基NOH,1,0.02%
SH、磷酸基,1,0.02%
SEMI標準的超高純度化學,1,0.02%
SEMI標準,1,0.02%
RCA不同化學,1,0.02%
R3PO4只是,1,0.02%
R-0910,1,0.02%
P系統搬運及重新,1,0.02%
P為,1,0.02%
mol/L硝酸,1,0.02%
mol/L醋酸,1,0.02%
m製程用典型,1,0.02%
一尖點,1,0.02%
一次切削多枚晶圓片,1,0.02%
一根良,1,0.02%
一成分的純酸,1,0.02%
一成分廢酸,1,0.02%
一平坦度,1,0.02%
一層負,1,0.02%
一層,1,0.02%
一小粒的矽晶體晶種,1,0.02%
oF,1,0.02%
一套技術,1,0.02%
一套則,1,0.02%
一千,1,0.02%
一具,1,0.02%
一元酸,1,0.02%
一側與膜,1,0.02%
一個重要的課題,1,0.02%
一液相,1,0.02%
一片一片的晶圓,1,0.02%
一片八吋矽晶圓,1,0.02%
一相的傳遞過程,1,0.02%
一陽離子,1,0.02%
一門,1,0.02%
一鑄鐵,1,0.02%
一般經過,1,0.02%
一般水泥,1,0.02%
一般水,1,0.02%
一般將去,1,0.02%
一般CZ 法成長之矽,1,0.02%
一般,1,0.02%
一級10或100,1,0.02%
一系列,1,0.02%
一種熱力學平衡效應,1,0.02%
一種氧化劑,1,0.02%
一種方法,1,0.02%
一種具,1,0.02%
一個環節,1,0.02%
一個最,1,0.02%
一個常數,1,0.02%
μm的奈米電子時代,1,0.02%
±2mm間,1,0.02%
±0.1μm以內,1,0.02%
~98 wt%之異丙醇廢液,1,0.02%
~5之間,1,0.02%
"~250,000mg/L",1,0.02%
~2021年矽晶圓材料技術發展趨勢,1,0.02%
~2015 年,1,0.02%
~10間,1,0.02%
~,1,0.02%
ppm,1,0.02%
ppb時,1,0.02%
pH值,1,0.02%
pH 值降,1,0.02%
pH 值應介於四,1,0.02%
pH 值在9.0,1,0.02%
μm,1,0.02%
℃,1,0.02%
一個半導體材料,1,0.02%
℃分解,1,0.02%
一個,1,0.02%
一些小型廠,1,0.02%
一些加工程序,1,0.02%
一些,1,0.02%
一 ,1,0.02%
リコソウエハ—,1,0.02%
リコソウエハ,1,0.02%
エハ—,1,0.02%
らの酸の分離．回收,1,0.02%
されゐ廢酸からの酸の分離．回收,1,0.02%
されゐ廢酸からの 酸の分離．回收,1,0.02%
されゐ,1,0.02%
■易於分離,1,0.02%
■可處理,1,0.02%
↓＋2OH-生成之氟化鈣污泥與自然界開採之螢石,1,0.02%
NaOH,1,0.02%
NH4OH可,1,0.02%
晶體中,1,0.02%
93 年7 月,1,0.02%
95 年7 月,1,0.02%
95 年6 月,1,0.02%
94年8 月,1,0.02%
94年 5 月,1,0.02%
94圖6.2-,1,0.02%
94-圖,1,0.02%
93年1 月 2 日公告自93,1,0.02%
93 年10 月,1,0.02%
90 年 4 月,1,0.02%
92 年12 月,1,0.02%
91 年 2 月,1,0.02%
91,1,0.02%
90％,1,0.02%
90年4月,1,0.02%
90℃以上,1,0.02%
900℃降到300,1,0.02%
95年12 月,1,0.02%
95年3 月24 日公告修正之編號,1,0.02%
95年統計資料,1,0.02%
96   圖,1,0.02%
Al2O,1,0.02%
=7：2：1或5：2：1的酸性清洗,1,0.02%
<,1,0.02%
9％,1,0.02%
99999999999,1,0.02%
99.9水分wt%,1,0.02%
99.7%,1,0.02%
99-3案例二   E 廠為,1,0.02%
99%異丙醇再沸器蒸汽冷凝器尾氣冷凝器再沸器蒸汽廢水資料來源：,1,0.02%
99%以上,1,0.02%
98%,1,0.02%
97%以上,1,0.02%
96年8 月,1,0.02%
96 年8 月      編著    序   半 ,1,0.02%
96 年8 月,1,0.02%
900℃的條件下,1,0.02%
90 年,1,0.02%
NH4OH之溶解能力與 H2O2之強氧化能力,1,0.02%
78II第六章廢棄物資源化案例................................................................................84,1,0.02%
80～95％左右,1,0.02%
80～100°C之間,1,0.02%
80年,1,0.02%
80%,1,0.02%
8.,1,0.02%
7污泥：,1,0.02%
7標 準的試劑適用,1,0.02%
76圖5.4,1,0.02%
90,1,0.02%
76-圖5.4-3無機性污泥,1,0.02%
75%以上,1,0.02%
74卷第 3 期,1,0.02%
74-圖,1,0.02%
72-5.4,1,0.02%
70℃以上,1,0.02%
70-80 度清洗,1,0.02%
81-圖,1,0.02%
81圖5.5-2遠心分離機,1,0.02%
83-圖5.5-3廢切削油多重離心回收系統範例-84-第六章廢棄物資源化案例 6.1,1,0.02%
85%,1,0.02%
9,1,0.02%
8－羥基喹啉,1,0.02%
8標準的試劑適用,1,0.02%
8吋與6,1,0.02%
8吋與12 ,1,0.02%
8吋與12,1,0.02%
8吋矽晶圓主要,1,0.02%
8吋及6,1,0.02%
8吋及12,1,0.02%
89年以後,1,0.02%
86年起,1,0.02%
86%磷酸加,1,0.02%
85％時之實際,1,0.02%
85％,1,0.02%
85年以前,1,0.02%
Al2O3,1,0.02%
A低溫冷,1,0.02%
A供應商,1,0.02%
H3PO4＋NaOH  →  ,1,0.02%
IC測 試 則 屬 下,1,0.02%
IC晶片的生產過程中,1,0.02%
IC技術的不斷發展,1,0.02%
IC 封,1,0.02%
H各附屬零件之代 理商,1,0.02%
H原子所具有的,1,0.02%
HCl,1,0.02%
H3PO4＋NH3  →  ,1,0.02%
A循環再,1,0.02%
H3PO4＋KaOH  →  K H2PO4,1,0.02%
H3PO4＋CaCO3  →  ,1,0.02%
H2SO4：H2O2=5﹕1或4﹕,1,0.02%
H2SO4和H2O,1,0.02%
H2O磷酸與氫氧化鉀反應為一放熱量反應,1,0.02%
H2O2的氧化作用和鹽酸的溶解,1,0.02%
H2O2的氧化作用和NH4OH的錯合作用許多金屬,1,0.02%
IC製程之需求,1,0.02%
IC製程不斷,1,0.02%
IC製造用的單晶矽晶圓片；矽晶,1,0.02%
II族之,1,0.02%
N 型摻雜物,1,0.02%
Method,1,0.02%
MJ的能源,1,0.02%
L的氫氟酸,1,0.02%
LCA運算結果的五十七分之一,1,0.02%
KOH濃度的增加,1,0.02%
KOH、矽酸鉀、界面活性劑,1,0.02%
KOH,1,0.02%
IsopropylAlcohol,1,0.02%
ISO/TC118委員會於1991年,1,0.02%
IPA蒸發,1,0.02%
IPA蒸氣與晶圓,1,0.02%
IPA蒸氣移除,1,0.02%
IPA廢溶 劑會經過,1,0.02%
IPA將殘留,1,0.02%
H2 等是典型,1,0.02%
G誰來,1,0.02%
F地區代理商,1,0.02%
CZ）,1,0.02%
CZ 法較,1,0.02%
COOH、磺酸基,1,0.02%
COOH,1,0.02%
CO2為萃取劑,1,0.02%
CH3COOH、HNO3、HF之混酸存在,1,0.02%
C.化學去疵－,1,0.02%
B輸送泵：,1,0.02%
B水 溶 質原液滲 出液溶劑或水滲析液-67- E.超臨界流體萃取法 超臨界流體,1,0.02%
B外部去疵,1,0.02%
B原理由於有機溶劑具有低沸點,1,0.02%
B原理採蒸餾方法回收廢溶劑,1,0.02%
B再利用,1,0.02%
BSD用者,1,0.02%
B.系統操作時,1,0.02%
A貯槽、反應槽：,1,0.02%
CZ法生長矽單晶棒的作法,1,0.02%
Cl -   2F -   ＋Ca2 →CaF,1,0.02%
Fe2O,1,0.02%
Cr、Zn、As、,1,0.02%
Fe23之硫酸溶液,1,0.02%
F.控制盤是否有,1,0.02%
E.那些物料、配件,1,0.02%
E.供應商提出回收,1,0.02%
E 廠廢溶劑資源化處理,1,0.02%
E 廠,1,0.02%
E,1,0.02%
D是否提供,1,0.02%
D廠所收集,1,0.02%
D.採訪類,1,0.02%
D 廠廢異丙醇資源化處理,1,0.02%
D 廠,1,0.02%
C管件：,1,0.02%
C污染物資料,1,0.02%
C是否需,1,0.02%
一顆,1,0.02%
七 章,1,0.02%
七章,1,0.02%
備用零件種,1,0.02%
傷害,1,0.02%
傳輸氣體,1,0.02%
傳質速度和,1,0.02%
傳統勞力密集產業,1,0.02%
傳統多晶矽,1,0.02%
傳統分離程序,1,0.02%
催化劑,1,0.02%
備用零件,1,0.02%
值約,1,0.02%
備用,1,0.02%
備妥,1,0.02%
備品,1,0.02%
側通入,1,0.02%
做那些,1,0.02%
做為,1,0.02%
做成,1,0.02%
傾析,1,0.02%
傾角,1,0.02%
僅需增加,1,0.02%
價值,1,0.02%
元件製造業資源,1,0.02%
元件製造業之混合廢溶劑再,1,0.02%
元件材料都是使用單晶矽,1,0.02%
"元×50公斤/日×26 日/月＝65,000元/月每年產生之廢溶劑價值為65,000 元/月×",1,0.02%
元/年,1,0.02%
"元/日×13 日/年＝19,500元/年",1,0.02%
儲存配料,1,0.02%
儲存儲存配料配料生料研磨 生料,1,0.02%
儲存儲存,1,0.02%
儲存,1,0.02%
優劣,1,0.02%
優缺點,1,0.02%
儀錶監控,1,0.02%
儀器,1,0.02%
價值基於,1,0.02%
偏差一,1,0.02%
個流程中,1,0.02%
三,1,0.02%
使用的切削油回收的價值高,1,0.02%
供應商的技術能力,1,0.02%
供應商技術,1,0.02%
供應商所提,1,0.02%
供應商或製造商,1,0.02%
供應商一分,1,0.02%
供,1,0.02%
使用率,1,0.02%
使用水蒸汽,1,0.02%
個面向,1,0.02%
使用商則,1,0.02%
使用之矽,1,0.02%
使,1,0.02%
作用機制,1,0.02%
作用下,1,0.02%
作用,1,0.02%
作為爐管清洗及晶片蝕刻,1,0.02%
供應商的服務品質及技術能力,1,0.02%
供應商討論,1,0.02%
依可行性,1,0.02%
係數,1,0.02%
個製程,1,0.02%
個程序每個階段的製程參數及質量,1,0.02%
個程序後分離純化,1,0.02%
個油滴表面,1,0.02%
個月內,1,0.02%
個晶圓上,1,0.02%
個採購過程即,1,0.02%
個作業流程,1,0.02%
俾 利 共 同 ,1,0.02%
修改工作,1,0.02%
保護之平衡發展,1,0.02%
保證,1,0.02%
保矽晶圓片質量,1,0.02%
保持,1,0.02%
保存、運送,1,0.02%
元件設計區雜質,1,0.02%
元素,1,0.02%
元素是地球,1,0.02%
全部化學試劑H2O2、,1,0.02%
八吋矽晶圓拋光片產品的環境負荷資料,1,0.02%
八吋,1,0.02%
全流設計,1,0.02%
全流式,1,0.02%
全年的排放量水污染物原先以委外檢測做為計算,1,0.02%
"全年支出總經費31,980 元/年",1,0.02%
全年各類水污染物之排放,1,0.02%
全製程的晶圓製造廠,1,0.02%
充氣,1,0.02%
全球矽晶圓材料的使用量,1,0.02%
全球溫 暖化議題與廢水中COD及SS的排放,1,0.02%
全球晶圓,1,0.02%
全球各地佈局,1,0.02%
全球前幾名的國際大廠,1,0.02%
全新,1,0.02%
全廠,1,0.02%
公司2000 年每生產一,1,0.02%
公司主要的污染物有廢水,1,0.02%
公司主要的產品為,1,0.02%
公司以,1,0.02%
其 他製程清洗使用,1,0.02%
共溶劑之選擇須,1,0.02%
共沸塔,1,0.02%
共沸 塔廢異丙醇入料,1,0.02%
共同,1,0.02%
公斤的二氧化碳,1,0.02%
公尺,1,0.02%
公司參 ,1,0.02%
公司矽晶圓的研磨,1,0.02%
公司的一種無,1,0.02%
公司熱軋鋼帶,1,0.02%
公司案,1,0.02%
公司廠內,1,0.02%
公司內部之實際,1,0.02%
公司使用之矽晶圓片,1,0.02%
全世界矽晶 圓需求,1,0.02%
全,1,0.02%
內切削油之攪拌,1,0.02%
入口,1,0.02%
光亮,1,0.02%
光電 ,1,0.02%
光電,1,0.02%
光阻處理、,1,0.02%
光阻液,1,0.02%
光罩 對焦之精確性,1,0.02%
光片表面的奈米形貌特性,1,0.02%
光片約,1,0.02%
光片的表面加工質量的要求也,1,0.02%
光片的包裝盒,1,0.02%
光片產 品環境特性資料的建立,1,0.02%
光子惰性氣體,1,0.02%
先期的系  統評估方面,1,0.02%
先期準備工作,1,0.02%
先,1,0.02%
光亮面,1,0.02%
入口以上,1,0.02%
內數據,1,0.02%
內 容 ,1,0.02%
內部的缺 陷,1,0.02%
內設,1,0.02%
內襯耐火材料的圓筒,1,0.02%
內管理為達成清潔生產與永續經營目標,1,0.02%
內管理方式切削油使用過程,1,0.02%
內的溫度 變化,1,0.02%
內的對,1,0.02%
內提供之環境負荷值,1,0.02%
內容說明...................................................................................2第二,1,0.02%
內容,1,0.02%
內圓鋸片的加工方式,1,0.02%
內側,1,0.02%
內、外槽體、主驅動及逆轉馬達,1,0.02%
內、外槽體,1,0.02%
內、外 槽體,1,0.02%
作為原料,1,0.02%
作業環境中,1,0.02%
作業之研究範疇為搖籃,1,0.02%
中央主管機關,1,0.02%
中止中止,1,0.02%
中時 ,1,0.02%
中所,1,0.02%
中性萃取劑,1,0.02%
中性磷酸酯、亞砜冠醚﹔離子締合,1,0.02%
中性分子,1,0.02%
中常用,1,0.02%
中含有較高,1,0.02%
乳化劑產生,1,0.02%
中各成分之蒸氣分壓,1,0.02%
中傳送,1,0.02%
中之部分原料並未納入,1,0.02%
中之莫耳分率而定,1,0.02%
中並,1,0.02%
丙醇資源化處理流程.............................................................,1,0.02%
丙醇、丙酮、乙醇,1,0.02%
中溶質穿,1,0.02%
中物質總量的百分數,1,0.02%
中的晶棒,1,0.02%
中的濃度,1,0.02%
乙酸,1,0.02%
乙烷等,1,0.02%
乙基己醇 CH2OH被,1,0.02%
主體成分的分離,1,0.02%
主計處九十五年五月公布,1,0.02%
主要目的在於使刀具與加工界面處可形成良好的潤滑、,1,0.02%
主要盤查項目為台灣信越半導體公司於,1,0.02%
主成分外,1,0.02%
主成分中之80％是極易經,1,0.02%
主成分,1,0.02%
主,1,0.02%
中間厚形狀,1,0.02%
中鋼公司,1,0.02%
中的金屬錯合陰離子進行,1,0.02%
中的金屬屑,1,0.02%
丙醇(Isopropyl Alcohol,1,0.02%
丙酮及其衍生物、 甘油,1,0.02%
丙酮,1,0.02%
上的問題所在,1,0.02%
上游原料八吋矽晶圓拋光片的環境負荷,1,0.02%
上應,1,0.02%
上下游產業,1,0.02%
上下層研磨盤,1,0.02%
上下午各處理一次,1,0.02%
三類：A內部去疵－,1,0.02%
三類﹕螯合物萃取這是,1,0.02%
三項環境議題所,1,0.02%
三項步驟,1,0.02%
三種,1,0.02%
三步驟,1,0.02%
三層包裝,1,0.02%
三大,1,0.02%
三十多年,1,0.02%
三分,1,0.02%
上游製程,1,0.02%
上端,1,0.02%
下降的損失等,1,0.02%
上設置,1,0.02%
下列項目,1,0.02%
下列規定：低位發熱值,1,0.02%
下列優點,1,0.02%
下游晶片,1,0.02%
下游半導體晶片製造商,1,0.02%
下式,1,0.02%
下之物性、相平衡,1,0.02%
下三個步驟,1,0.02%
下 述幾項特點：,1,0.02%
下,1,0.02%
上述兩廠之環境負荷資料,1,0.02%
上述的問題後,1,0.02%
上述無機污泥外,1,0.02%
上述廢漿料經,1,0.02%
上述回收方式外,1,0.02%
九十年度科技專案,1,0.02%
乳化型切削油,1,0.02%
作,1,0.02%
以上背景資料得知,1,0.02%
以下方程式表示,1,0.02%
以下措施：採購穩定性較佳之切削油,1,0.02%
以下幾個步驟：,1,0.02%
以下則系統,1,0.02%
以下三大,1,0.02%
以下,1,0.02%
以上開源措施,1,0.02%
以上的電子材料需要使用單晶矽,1,0.02%
乳化型切削油的優點與合成型切削油的穩定性,1,0.02%
代理商服務及維護能力,1,0.02%
代理商,1,0.02%
代表金屬錯合,1,0.02%
介面現象,1,0.02%
介面活性劑,1,0.02%
介面性質,1,0.02%
今,1,0.02%
以下方面的問題,1,0.02%
以下時,1,0.02%
以下步驟：1背景資料：,1,0.02%
以下系統中的水,1,0.02%
何評估,1,0.02%
低狀況,1,0.02%
低溫冷凝法經濃縮後之回收率高,1,0.02%
低溫操作,1,0.02%
低毒性,1,0.02%
低於,1,0.02%
估,1,0.02%
企業競爭能力,1,0.02%
份廢酸的回收,1,0.02%
任何溫度之氣相總蒸氣壓,1,0.02%
以資源,1,0.02%
以貨櫃,1,0.02%
以製造生產晶片之材料,1,0.02%
以後晶圓的結晶方位,1,0.02%
以下磊晶片、拋光片、研 ,1,0.02%
人力架構,1,0.02%
人力及時間,1,0.02%
人體,1,0.02%
二氧化矽的礦砂 ,1,0.02%
二氧,1,0.02%
二次污染問題,1,0.02%
二次乳 ,1,0.02%
二極體、電晶體、閘流體、積體電路引腳架,1,0.02%
二分,1,0.02%
二、再,1,0.02%
二,1,0.02%
事項,1,0.02%
事業廢棄物個案,1,0.02%
事業廢棄 物,1,0.02%
事業,1,0.02%
乾燥處理,1,0.02%
乾燥污泥,1,0.02%
乾燥方法,1,0.02%
乾燥,1,0.02%
二氧化矽,1,0.02%
二種,1,0.02%
人身,1,0.02%
二種以上,1,0.02%
人工,1,0.02%
人 數,1,0.02%
交換,1,0.02%
亞乙烯材料,1,0.02%
些資源,1,0.02%
些矽晶圓,1,0.02%
些差排,1,0.02%
些工廠,1,0.02%
五項步驟,1,0.02%
五成至,1,0.02%
五十ppm,1,0.02%
二硫代甲酸鈉,1,0.02%
二階段,1,0.02%
二級生物處理,1,0.02%
二種以上其他成分,1,0.02%
70%以上,1,0.02%
7.2-1,1,0.02%
7-圖,1,0.02%
 例,1,0.02%
%、矽的去除率,1,0.02%
#800,1,0.02%
"#1,000及#",1,0.02%
"#1,000",1,0.02%
 切,1,0.02%
 理時間,1,0.02%
 料照片,1,0.02%
 年發展一,1,0.02%
 體纖維等,1,0.02%
 年8 月-35 -2,1,0.02%
 年12吋矽晶圓的全球市佔率,1,0.02%
 濾心  濾袋 永久型濾材可棄式濾材永久型濾材可棄式濾材靜置重力真空壓力過濾 真空磁力 磁力分離粒子去除-82-產生的離心力,1,0.02%
 量12mol/L的濃硝酸,1,0.02%
 塞物者,1,0.02%
 異丙醇之工業規格工業級產品規格一般規格特殊規格純度wt%,1,0.02%
 論直拉法,1,0.02%
%新切,1,0.02%
%間,1,0.02%
%～45%之間,1,0.02%
(氮化矽,1,0.02%
-113-H,1,0.02%
-112-  L,1,0.02%
-11-刻速率與結晶方向成,1,0.02%
-108-合約書可能,1,0.02%
-103-,1,0.02%
"-101-780,000×80％＝624,000",1,0.02%
-10,1,0.02%
-1 異丙醇,1,0.02%
-1 西門子式多晶矽的生產,1,0.02%
-1,1,0.02%
-0910氟化,1,0.02%
-0902無機性污泥11535124.7-0903非有害油泥33,1,0.02%
+反應生成H2O,1,0.02%
+1份30％雙氧水＋1份37％鹽酸組成之酸 性混合液,1,0.02%
+1份30％雙氧水＋1,1,0.02%
 體電路產業,1,0.02%
 體之成形體,1,0.02%
.....................................725.5,1,0.02%
 表,1,0.02%
 試,1,0.02%
 計及生產活動過程之污染預防策略,1,0.02%
 要時容易,1,0.02%
 表5.3-4水泥窯,1,0.02%
 表5.3-2氣態,1,0.02%
 表4.2-,1,0.02%
 表4.2,1,0.02%
 荷,1,0.02%
 體上,1,0.02%
 色 生 產,1,0.02%
 耐高溫,1,0.02%
 罐內,1,0.02%
 編 ,1,0.02%
 緣起 ...........................................................................................................1,1,0.02%
 線切割機,1,0.02%
 素,1,0.02%
 誤,1,0.02%
 象,1,0.02%
 載性氣體係指半導體,1,0.02%
 透,1,0.02%
 餾/分餾方式,1,0.02%
 餘熱利用燃料空氣催化床預熱室 熱交換器-59-綜合上述各類氣態廢溶劑,1,0.02%
 面 向 進 行 探 討 說 明,1,0.02%
 面,1,0.02%
 集籃外,1,0.02%
 關﹔,1,0.02%
 關業 者從中 汲 ,1,0.02%
 酸中的不純物之濃度,1,0.02%
 遠心分離機結構圖切,1,0.02%
 進流速度,1,0.02%
 造過程中,1,0.02%
 造業者,1,0.02%
 造、IC 封 裝,1,0.02%
 速,1,0.02%
 途,1,0.02%
-12-,1,0.02%
-15,1,0.02%
-1典型矽晶圓製造流程及其,1,0.02%
-氣污染物以委外檢測,1,0.02%
..........................................................,1,0.02%
.....................................,1,0.02%
....................................,1,0.02%
.................,1,0.02%
..........,1,0.02%
-處理方式,1,0.02%
-第七章技術評估與設備選用程序,1,0.02%
-光,1,0.02%
-1單位,1,0.02%
-96-6.2,1,0.02%
-8廢混酸經分,1,0.02%
-89-萃取,1,0.02%
-88-,1,0.02%
-86-離子締合萃取這是,1,0.02%
-85-聚合,1,0.02%
-80-,1,0.02%
...................................................................,1,0.02%
.............................................................................,1,0.02%
................................................................................................................,1,0.02%
.....................................................................................................32.1產業發展沿革...........................................................................................3,1,0.02%
.............................................3圖4.1-2矽,1,0.02%
................................................74   圖,1,0.02%
................................................5圖,1,0.02%
.........................................................83,1,0.02%
..................................................................99圖6.3-1,1,0.02%
..................................................................7   圖2.2-2單晶矽,1,0.02%
.....................................................................25,1,0.02%
.....................................................................24圖4.1-3環境,1,0.02%
.....................................................................2  圖5.3-7萃取精餾,1,0.02%
.........................................................................966.3廢切削油資源化,1,0.02%
.........................................................................133.1廢棄物來源及特性..................................................................................13,1,0.02%
.............................................................................69圖5.4-1無機性,1,0.02%
...............................................................................64,1,0.02%
...............................................................................104圖7.1-,1,0.02%
...................................................................................................224.1環境化設計,1,0.02%
-8-現象,1,0.02%
-75,1,0.02%
-7.2資源化設備選用程序圖7.2-1所,1,0.02%
-3 矽晶圓製造,1,0.02%
-2氣態廢溶劑回收技術之優缺點比較....................................................59,1,0.02%
-2收受,1,0.02%
-2單位矽,1,0.02%
-25-資料來源,1,0.02%
-23-看,1,0.02%
-22-第四章清潔生產所提出,1,0.02%
-22  0   D,1,0.02%
-2 線切割機,1,0.02%
-1西門子式多晶矽,1,0.02%
-1矽晶圓製成,1,0.02%
-1矽晶圓片,1,0.02%
-1無機性污泥,1,0.02%
-1廢切削油過濾與分離之設備由於,1,0.02%
-1布雷登有機,1,0.02%
-1單位矽,1,0.02%
-2溶劑,1,0.02%
-3-第二章,1,0.02%
-66-b.,1,0.02%
-30- 荷資料,1,0.02%
-64-a.滲透蒸發,1,0.02%
-63-精餾之主要設備為,1,0.02%
-61-成分,1,0.02%
-5所,1,0.02%
-58-再生劑,1,0.02%
-54-一般,1,0.02%
-53-後之結晶物乾燥後,1,0.02%
-47-由於太陽能,1,0.02%
-4,1,0.02%
-3所,1,0.02%
-3廢矽晶堝底料3矽晶圓破片除,1,0.02%
-3廢矽晶,1,0.02%
-3可由滲透蒸發,1,0.02%
-36-有害性,1,0.02%
-34  0   ,1,0.02%
 算,1,0.02%
 等 階 段,1,0.02%
 究 建 議 書 ,1,0.02%
 SiC,1,0.02%
 pH 計及一 些,1,0.02%
 pH 值,1,0.02%
 nH+   n (o)  (o) ex ] HA ][ M [  ] H [ ] MAn [ K  + ,1,0.02%
 lgD＝lgKex + nlg[HA](o) + npH由上式可見,1,0.02%
 j不必,1,0.02%
 SiO2,1,0.02%
 SiC污,1,0.02%
 SS排放方面,1,0.02%
 刻製程,1,0.02%
 MultiWireSaw,1,0.02%
 LoaderAPM化學劑+,1,0.02%
 LCA運算結果的三分之一在,1,0.02%
 LCA相關,1,0.02%
 Kex [M(NO3)n．TBP](o)/[M由上式可見,1,0.02%
 HF、HNO3、H3PO4混酸,1,0.02%
 HF,1,0.02%
 上,1,0.02%
 下優點：可減少超純水,1,0.02%
 之 落 實 與 應 ,1,0.02%
 他 ,1,0.02%
 制參數,1,0.02%
 分子,1,0.02%
 分 別 針對,1,0.02%
 分,1,0.02%
 冊,1,0.02%
 其與水分,1,0.02%
 全流,1,0.02%
 入,1,0.02%
 元/年假設,1,0.02%
 備設置,1,0.02%
 作 ,1,0.02%
 作,1,0.02%
 何,1,0.02%
 位鍵,1,0.02%
 以其定義與作法,1,0.02%
 H2O：H2O2：NH4OH=5：2：1或,1,0.02%
 H2O2體系清洗晶片無,1,0.02%
 D廠之原料可,1,0.02%
  名 稱沸點,1,0.02%
  三,1,0.02%
  一,1,0.02%
  THC,1,0.02%
  M28  ,1,0.02%
  M26  0.0005   M10  0.0629  M27  0.0004   M11  ,1,0.02%
  A,1,0.02%
  0   D-1801,1,0.02%
  -  100   R-2408  廢活性,1,0.02%
  -  100   R-0403  廢陶瓷  2  -  100   R-0701  廢木材14  -  100,1,0.02%
   圖,1,0.02%
   NH3  0.0000822   H2SO4  0.0001HNO30.0000215NOX0.00072廢棄物 kg／片晶圓一般事業廢棄物,1,0.02%
   Mn+ + nNO3－ + sTBP ←→ M(NO3)n․sTBP(o)   s (o) n 3  (o) n 3 ex ] TBP [ ] NO ][ M [  ] sTBP ) M(NO [ K − ⋅ =    由,1,0.02%
   M8  0.1068  M25  0.0005   M9  ,1,0.02%
   M6  0.1717,1,0.02%
   M13  ,1,0.02%
  全,1,0.02%
  圖 目 錄    圖2.1-12005~2021年,1,0.02%
 D供應商,1,0.02%
  本作業主要的研究對象為八吋矽晶圓拋光片,1,0.02%
 C供應商之年營業額多少,1,0.02%
 Canada Inc.開發出的一,1,0.02%
 CaF2污,1,0.02%
 CZ長晶過程中過飽,1,0.02%
 CZ法利用,1,0.02%
 CZ法介紹,1,0.02%
 B能源,1,0.02%
 Al2O3、SiO2、ZrO2、Fe,1,0.02%
 25 期,1,0.02%
 1 日起停止適用前述之認定原則,1,0.02%
 1,1,0.02%
 -     ,1,0.02%
  謹 識   ,1,0.02%
  矽,1,0.02%
  比鹼,1,0.02%
 刻之晶圓表面較為,1,0.02%
 劑,1,0.02%
 矽礦石,1,0.02%
 段,1,0.02%
 治No80,1,0.02%
 油的抑制劑及乳化劑,1,0.02%
 污泥含CaF2 污泥,1,0.02%
 污泥也含有,1,0.02%
 永 續 經,1,0.02%
 水力分離器,1,0.02%
 氣,1,0.02%
 機相中硝酸、氫氟酸,1,0.02%
 劑之選擇,1,0.02%
 業於整,1,0.02%
 業廢棄物管制中心95年度相關申報,1,0.02%
 松公司,1,0.02%
 本手 冊得 以,1,0.02%
 有兩套平面磨光機設備,1,0.02%
 明其產品生命週期環境特性分析及結果,1,0.02%
 明,1,0.02%
 法,1,0.02%
 法是利用晶種與石,1,0.02%
 洗,1,0.02%
 洩漏,1,0.02%
 矽晶圓拋,1,0.02%
 真溶液,1,0.02%
 產 業、IC 晶 圓製,1,0.02%
 產 業,1,0.02%
 生的是 如,1,0.02%
 物性,1,0.02%
 片,1,0.02%
 燒噴嘴,1,0.02%
 濟發展及國民生活水準,1,0.02%
 濟效益,1,0.02%
 溫,1,0.02%
 源化 技 術 資 料,1,0.02%
 源 化是,1,0.02%
 源,1,0.02%
 游 來劃 分,1,0.02%
 旋,1,0.02%
 教 授、 晶 ,1,0.02%
 效減量,1,0.02%
 害廢溶劑,1,0.02%
 學配比方面,1,0.02%
 子狀態,1,0.02%
 場,1,0.02%
 坯內之孔隙消除,1,0.02%
 因應 全,1,0.02%
 問單位,1,0.02%
 商,1,0.02%
 品,1,0.02%
 否否 ,1,0.02%
 原反應,1,0.02%
 半 導 體 產 業 架 構 中 係 擔 任 晶 圓 材 料 供 應 者 角 色,1,0.02%
 化劑,1,0.02%
 勤 益 科 技 大 學化工 系 郭 貹 隆 教 授,1,0.02%
 加,1,0.02%
 劑燃燒系統,1,0.02%
 定粒度與黏性,1,0.02%
 實 務 資 料 之 蒐 集 彙 整不 易 ,1,0.02%
 效毛細孔,1,0.02%
 工廠,1,0.02%
 效,1,0.02%
 收、蒸餾,1,0.02%
 收,1,0.02%
 換,1,0.02%
 提供,1,0.02%
 排空槽內的切削油,1,0.02%
 括,1,0.02%
 手 冊編,1,0.02%
 手 冊內 容 共,1,0.02%
 慮因子,1,0.02%
 惰性溶劑的極性,1,0.02%
 彙整,1,0.02%
 式中 Kex,1,0.02%
 廠為國內一廢溶劑之再,1,0.02%
 廠之主要材料,1,0.02%
........................................70 表5.3,1,0.02%
...............................224.2,1,0.02%
7%以下,1,0.02%
30﹪以上,1,0.02%
36.6MJ與3.61,1,0.02%
34-表,1,0.02%
339-3442002,1,0.02%
33-鹼,1,0.02%
32-4.2,1,0.02%
31-國內,1,0.02%
30％～45％之間,1,0.02%
30~70百分比間,1,0.02%
3.1-1典型矽晶圓製造流程,1,0.02%
30~60分鐘後,1,0.02%
300萬元/年,1,0.02%
"30,000 片/月計",1,0.02%
30 表,1,0.02%
3.第三階段：評估,1,0.02%
3.5~4.5噸之柴油貨車運送卡車部,1,0.02%
3.2-1,1,0.02%
360公噸,1,0.02%
38-資料,1,0.02%
385mmHg,1,0.02%
38圖4.2-2十二吋拋光片清洗流程.........................................................................38,1,0.02%
4.1-1矽晶圓片的主要,1,0.02%
"4-100總計3602,55812.4資料來源：行政院環境保護署事業廢棄物管制中心95年",1,0.02%
"4,930公 噸無機性污泥產生量",1,0.02%
4 H2PO4磷酸與氫氧化鉀反應為一放熱量反應,1,0.02%
3部分,1,0.02%
3矽晶圓製造,1,0.02%
3為,1,0.02%
3活性碳吸附再生,1,0.02%
3操作溫度,1,0.02%
3對服務,1,0.02%
3可自動,1,0.02%
3供應商評估供應商,1,0.02%
3以,1,0.02%
3之硫酸溶液再與硫酸,1,0.02%
3M300.0001,1,0.02%
3.2-,1,0.02%
3+,1,0.02%
...................90圖6.1,1,0.02%
2O3及CaO,1,0.02%
2均為,1,0.02%
2倍,1,0.02%
2、鐵、硝酸、水,1,0.02%
"2×1,010 原子的硫原子",1,0.02%
2~10,1,0.02%
2mol/L醋酸,1,0.02%
2mol/L,1,0.02%
29％氨水組成鹼性混合液,1,0.02%
3 光電業資源,1,0.02%
29-假設與限制A由於,1,0.02%
28洗滌液,1,0.02%
28- 表,1,0.02%
28 表,1,0.02%
28   矽晶圓製造業資源,1,0.02%
28,1,0.02%
27- 表,1,0.02%
2將多晶矽塊,1,0.02%
2廢混酸以2-乙基己醇為,1,0.02%
2廢溶劑焚化,1,0.02%
2廢熱可,1,0.02%
2％,1,0.02%
2不須,1,0.02%
2針對較,1,0.02%
2適用性研究,1,0.02%
2資源,1,0.02%
2設備單元進料系統、反應系統,1,0.02%
2製程,1,0.02%
2粉,1,0.02%
2第二階段,1,0.02%
2目前絕大,1,0.02%
2無法回收,1,0.02%
2機性污泥再利用於,1,0.02%
2案例一,1,0.02%
2是,1,0.02%
2廢磷酸資源,1,0.02%
40,1,0.02%
40-必須在,1,0.02%
40μm,1,0.02%
5半導體製造業,1,0.02%
6.00、6.01,1,0.02%
6-2.2製程概述矽晶圓成為積體電路主要基材的原因有二：1,1,0.02%
5～10秒,1,0.02%
5＜5＜5在半導體工業生產中,1,0.02%
5長晶環境中殘存於晶圓,1,0.02%
5所示,1,0.02%
5半導體製造業及光電,1,0.02%
"5元/kwh×4 kwh/次×2次/日×26 日/月＝1,040元/月全年電費為1,040元/月×12 月/年",1,0.02%
44- 表4.2-3各種,1,0.02%
5份去離子,1,0.02%
5中鋼公司,1,0.02%
5840.17D-2399一般廢化學物質混合物1011   E-,1,0.02%
57圖5.3,1,0.02%
57-冷凝,1,0.02%
55公里海運來台,1,0.02%
55-5.3,1,0.02%
6.1,1,0.02%
6.1-1矽晶,1,0.02%
6.2%成長,1,0.02%
6.59.0,1,0.02%
7 林義凱,1,0.02%
7,1,0.02%
6＋2H2O當酸蝕刻,1,0.02%
6第三章,1,0.02%
6份去離子,1,0.02%
6、6,1,0.02%
6mol/L,1,0.02%
"670,020元/年",1,0.02%
67.99億平方英吋,1,0.02%
"663,000元/年",1,0.02%
650℃~800℃間爐管中,1,0.02%
62-  b,1,0.02%
600～800μm,1,0.02%
60-能之回收,1,0.02%
60%廢溶劑,1,0.02%
55,1,0.02%
51-1廢硫,1,0.02%
50片8吋晶片的容器為例,1,0.02%
5-資料,1,0.02%
5 吋,1,0.02%
4＋H2O磷酸與氫氧化鈉反應時會釋放,1,0.02%
4＋CO2↑＋ H2O磷酸與氫氧化鉀反應為一放熱量反應,1,0.02%
4超純水,1,0.02%
4矽晶圓製造,1,0.02%
4晶圓蝕刻目的在於去除先前機械,1,0.02%
4啟動試車,1,0.02%
4÷,1,0.02%
4mol/L,1,0.02%
495 年,1,0.02%
48D-,1,0.02%
48-圖,1,0.02%
48,1,0.02%
46-第五,1,0.02%
46,1,0.02%
5 矽晶圓,1,0.02%
5.1-,1,0.02%
50公斤,1,0.02%
5.2,1,0.02%
50元,1,0.02%
50-長晶,1,0.02%
50%以上的矽晶圓片環境負荷產生,1,0.02%
50,1,0.02%
5.5-,1,0.02%
5.4-3無機性污泥替代磚塊,1,0.02%
5.4,1,0.02%
5.3廢溶劑資源化技術,1,0.02%
5.3-9,1,0.02%
5.3-3,1,0.02%
5.3-2溶劑,1,0.02%
5.3-1常見,1,0.02%
5.3-11旋轉窯焚化爐示意,1,0.02%
5.3,1,0.02%
5.2-,1,0.02%
27,1,0.02%
25公噸以上,1,0.02%
25 期,1,0.02%
104圖6.3-3遠心分離機,1,0.02%
10級或1,1,0.02%
10段O/A比10.0之逆流,1,0.02%
10分鐘可以沉降,1,0.02%
10~15%的熔融液體,1,0.02%
1077.3資源化成本分析....................................................................................114  參考,1,0.02%
106-由於,1,0.02%
1057.1,1,0.02%
104-圖,1,0.02%
14-圖,1,0.02%
102-6.3,1,0.02%
1015,1,0.02%
100℃以上,1,0.02%
"100,000mg/L",1,0.02%
100   D,1,0.02%
10.0的十段逆流式洗滌程序,1,0.02%
10-100   R-0201廢塑膠,1,0.02%
10％做為,1,0.02%
111晶向,1,0.02%
114-7.3,1,0.02%
11國內廢溶劑,1,0.02%
14,1,0.02%
13-第三,1,0.02%
13 日之工資為,1,0.02%
12％,1,0.02%
12標準的試劑適用,1,0.02%
12國內廢溶劑,1,0.02%
12吋空白矽晶圓工廠,1,0.02%
12吋矽晶圓逐漸成為,1,0.02%
12吋矽晶圓片廠則有,1,0.02%
12吋生產技術仍至少,1,0.02%
12吋,1,0.02%
12mol/L醋酸,1,0.02%
120-18,1,0.02%
"12,480元/年B人工處理費假設每次作業時間為10分鐘",1,0.02%
12,1,0.02%
10 張亞非,1,0.02%
10 家,1,0.02%
1/10以下,1,0.02%
0403廢陶瓷R-,1,0.02%
0.3mm的材料損失,1,0.02%
0.25μm製程用典型的超純水,1,0.02%
0.1275,1,0.02%
0.09μm,1,0.02%
0.0489,1,0.02%
0.0033  M21  0.0010   M5  ,1,0.02%
0.0011,1,0.02%
0.0009,1,0.02%
0.0001,1,0.02%
0.00003,1,0.02%
0.,1,0.02%
/年＝,1,0.02%
/A比,1,0.02%
/,1,0.02%
.93,1,0.02%
0.8μm,1,0.02%
0803廢布-2200D-0899廢纖維或其他棉、布等,1,0.02%
1.7時,1,0.02%
0953可燃註：粗體字為,1,0.02%
1.5：0.5,1,0.02%
1.1倍做為化學,1,0.02%
1.0~3.0秒,1,0.02%
"1,600ºC",1,0.02%
"1,500~2,000℃高溫加",1,0.02%
"1,480公噸/年左右",1,0.02%
"1,420℃溫度至",1,0.02%
"1,300℃SiC 污泥粘土生料攪拌儲存配料生料研磨研磨 ",1,0.02%
"1,2001,450℃",1,0.02%
"1,200",1,0.02%
"1,100m2/g的活性 碳",1,0.02%
"1,050℃的高溫爐15分鐘加以擴散",1,0.02%
0＜10102010~2510~2525~30   SEMI-C8   適用於0.6～0.2μm線寬C8.5－92   C8.3－92   C8.3－92   C8.3－92   C8.3－92   H2O2   HCl   NH4OH   HF   H2SO4   ＜1   ＜,1,0.02%
0mol/L,1,0.02%
0g/l,1,0.02%
14 陳政澤,1,0.02%
140家的 IC 設計公司,1,0.02%
24%之酒,1,0.02%
2.3,1,0.02%
2005 年發表,1,0.02%
2004 年的8％提高至,1,0.02%
2003年成長25,1,0.02%
2002年開始,1,0.02%
2000 年廠區作業所有之輸入,1,0.02%
20- 表,1,0.02%
20%新,1,0.02%
2.2-2單晶矽生產流程這個步驟,1,0.02%
15,1,0.02%
2.1產業發展沿革,1,0.02%
2.0秒氣 體,1,0.02%
2-,1,0.02%
"2,918公噸",1,0.02%
"2,775公里計算；由",1,0.02%
"2,558公噸",1,0.02%
"2,480℃",1,0.02%
2005 年陸續,1,0.02%
2005年8 月圖4.2-2十二吋拋光片清洗,1,0.02%
2005年8 月圖4.2-3滿足線寬小於0.25,1,0.02%
2005年成長率,1,0.02%
24,1,0.02%
22%,1,0.02%
20％,1,0.02%
20分,1,0.02%
208m3/h的超純水,1,0.02%
2012 年進入,1,0.02%
2012 年以後,1,0.02%
2010 年以前,1,0.02%
200～300μm,1,0.02%
200萬mg/L水溶性切削油分為,1,0.02%
2009 年將成長,1,0.02%
2009 年12吋矽晶圓的市場規模將成主,1,0.02%
2006年開始展開,1,0.02%
2006 年8 月30 日落成啟用,1,0.02%
2006 年11 月完 工,1,0.02%
"2,450公里計算由日本",1,0.02%
"2,346公里計算",1,0.02%
2%Pb,1,0.02%
1mol/L上升至1.5,1,0.02%
1997年UNEP遂將清潔,1,0.02%
1917 年發明CZ長晶法製造單晶矽,1,0.02%
18~24°C之間,1,0.02%
18g/l的矽,1,0.02%
18-3.2,1,0.02%
1799,1,0.02%
17 田民波,1,0.02%
160.0027  M330.00003   M17  0.0024  M34,1,0.02%
16-圖,1,0.02%
15微米的粒子在7,1,0.02%
15微米的金屬粉屑則需更長,1,0.02%
15圖,1,0.02%
15~20%之材料耗損,1,0.02%
150℃以去除晶片上,1,0.02%
15 黃耀輝,1,0.02%
1998 年以,1,0.02%
1~3ºC,1,0.02%
2 污泥產生,1,0.02%
1~5rpm,1,0.02%
2 中和混酸後,1,0.02%
1～3個數量級,1,0.02%
1冷卻塔的排放,1,0.02%
1需額外,1,0.02%
1資源化,1,0.02%
1聘任顧問,1,0.02%
1第一階段,1,0.02%
1矽晶圓製成太陽能電池流程,1,0.02%
1有碳,1,0.02%
1廢矽晶,1,0.02%
1廢溶劑回收,1,0.02%
1常見之有機,1,0.02%
1對製程而言,1,0.02%
1化學蝕刻之廢混酸組成,1,0.02%
1°內,1,0.02%
其中仍,1,0.02%
其中高濃度氫氟 酸,1,0.02%
其中離,1,0.02%
廢酸產 生源,1,0.02%
廢異丙醇,1,0.02%
廢電子零組件,1,0.02%
廢酸資源化技術案例..............................................................................846.2,1,0.02%
廢酸要進行,1,0.02%
廢酸處理,1,0.02%
廢酸的技術,1,0.02%
廢酸產生源主要來自於晶圓蝕刻,1,0.02%
廢酸儘速,1,0.02%
廢溶劑成分之組成,1,0.02%
廢酸中分離,1,0.02%
廢矽晶頭尾料、廢石英坩堝,1,0.02%
廢矽晶堝底料,1,0.02%
廢矽晶圓資源化技術..............................................................................46,1,0.02%
廢石英,1,0.02%
廢物污泥及筒形,1,0.02%
廢溶劑臨界點之溫 度及壓力作萃取操作,1,0.02%
廢異丙醇水溶液均,1,0.02%
廢硫酸,1,0.02%
廢硫酸定量,1,0.02%
廢硫酸成份與,1,0.02%
"形 燒成1,200",1,0.02%
強度,1,0.02%
強固,1,0.02%
張清單,1,0.02%
張厥宗,1,0.02%
弱酸性,1,0.02%
引入,1,0.02%
式氧化物晶圓上,1,0.02%
式回收,1,0.02%
建議、模擬,1,0.02%
建廠後,1,0.02%
建廠,1,0.02%
延性,1,0.02%
廢切削油廢水廢水廢棄物廢水廢水廢水廢棄物 鹼蝕刻酸蝕刻熱處理拋光RCA品檢包裝,1,0.02%
廢切削油多重離心回收系統,1,0.02%
廢溶劑資源,1,0.02%
廢溶劑常會形成共沸物,1,0.02%
成本分析之要項,1,0.02%
廢水操作系統部門規劃設計,1,0.02%
廢液固體物,1,0.02%
廢液之磨料與,1,0.02%
廢水處理系統負荷大增,1,0.02%
廢水處理場,1,0.02%
廢水處理及污泥化學調理用途上,1,0.02%
廢水處理之營養-52-,1,0.02%
廢水系統,1,0.02%
廢水所產出之氟化,1,0.02%
廢溶劑可,1,0.02%
廢水廢氣廢棄物單晶生長熔化晶頸,1,0.02%
廢氫氟酸再,1,0.02%
廢氫氟酸,1,0.02%
廢氣的排放管路系統中,1,0.02%
廢氣混酸背損傷處理廢水廢氣廢氣噴砂液 HF、HCl、NH4OHH2、O2、矽甲烷Silane廢水廢棄物廢水廢棄物廢棄物拋光漿KOH廢氣 HF、HCl、 NH4OH切片,1,0.02%
廢氣分子相互接觸,1,0.02%
廢氣之目,1,0.02%
廢液外,1,0.02%
廢液或溶劑 3,1,0.02%
廢液與其資源,1,0.02%
廢液霧滴,1,0.02%
廢溶劑作為輔助燃料認定原則,1,0.02%
廢溶劑作為水泥窯輔助燃料以,1,0.02%
廢溶劑之處理方式,1,0.02%
廢溶劑之方式,1,0.02%
廢溶劑之分類工作,1,0.02%
廢溶劑中異丙醇與水之莫耳分率,1,0.02%
廢溶劑中各不同之成分分離乃為,1,0.02%
廢溶劑中各,1,0.02%
廢溶劑中之鉛、鎘、鉻、鋅、砷、汞、鎳及硒,1,0.02%
廢溶劑中,1,0.02%
廢溶 劑,1,0.02%
廢混酸經離醋酸及硝酸,1,0.02%
廢混酸中醋酸、,1,0.02%
廢混酸中,1,0.02%
廢混,1,0.02%
形中,1,0.02%
形式,1,0.02%
形狀與角度,1,0.02%
性離子,1,0.02%
應依,1,0.02%
應 屬半 ,1,0.02%
憑証,1,0.02%
意識,1,0.02%
意願,1,0.02%
情況下盡,1,0.02%
情 形 彙整 成,1,0.02%
性質及溫度,1,0.02%
往後的維修工作,1,0.02%
性質、萃取劑的濃度都,1,0.02%
性能及穩定性測試、人員訓練、操作維,1,0.02%
性管制問題,1,0.02%
性差異,1,0.02%
急冷室或 熱回收鍋爐,1,0.02%
必須小於2秒,1,0.02%
心回收系統範例,1,0.02%
應為,1,0.02%
應用上,1,0.02%
應用中,1,0.02%
應用性,1,0.02%
成本之優勢,1,0.02%
成效本案例D 廠,1,0.02%
成效,1,0.02%
成品倉庫,1,0.02%
成品-49,1,0.02%
成功地商業,1,0.02%
成分間之作用,1,0.02%
成分變質,1,0.02%
成分在液相,1,0.02%
成分分離乃,1,0.02%
成 ,1,0.02%
懸浮態,1,0.02%
應符合國家,1,0.02%
應用技術手冊/,1,0.02%
應用技術,1,0.02%
微粒污染,1,0.02%
微粒 污染,1,0.02%
微粒,1,0.02%
後的矽晶圓,1,0.02%
後氣體,1,0.02%
後段製程的環境資料,1,0.02%
後會,1,0.02%
後方,1,0.02%
後之陸運距離,1,0.02%
後之異丙 醇產品,1,0.02%
後之結晶物乾燥後即為,1,0.02%
後之結晶物乾燥,1,0.02%
後之磷酸,1,0.02%
後之吸收劑,1,0.02%
後一種酸性,1,0.02%
後-111-互相,1,0.02%
很多,1,0.02%
"待遇每天1,500元",1,0.02%
往後製程效率,1,0.02%
後的晶片,1,0.02%
後的酸根離子再,1,0.02%
微濾器及超濾 器,1,0.02%
後續流程順利,1,0.02%
微量組分,1,0.02%
微量硼、磷、砷、銻,1,0.02%
微量的CaF2卻可,1,0.02%
微量元素的 共,1,0.02%
微蝕作業,1,0.02%
微缺陷,1,0.02%
微生物的產生,1,0.02%
微生物孳生、,1,0.02%
微 生物,1,0.02%
從蝕刻液轉移到,1,0.02%
從其,1,0.02%
後表面平坦度變化量,1,0.02%
後而定,1,0.02%
後者的熔點在,1,0.02%
後置燃燒器中,1,0.02%
廢氣中溶劑濃度,1,0.02%
廢氣、,1,0.02%
廢氣P,1,0.02%
就已存在於,1,0.02%
尾部,1,0.02%
尺寸矽晶圓片生產製程,1,0.02%
尺寸的矽晶棒,1,0.02%
尺寸晶圓之主流,1,0.02%
尺寸,1,0.02%
就難去掉,1,0.02%
就是積體,1,0.02%
尚 祈 各 界不 吝 指正 ,1,0.02%
工業之助熔劑之使用,1,0.02%
少量的化學藥劑,1,0.02%
少數,1,0.02%
小量,1,0.02%
小的單晶矽晶棒,1,0.02%
小松、合晶科技,1,0.02%
小時連續操作,1,0.02%
小於0.6秒,1,0.02%
展望未來,1,0.02%
層,1,0.02%
層介質過,1,0.02%
層面,1,0.02%
工業,1,0.02%
工廠需求的設備,1,0.02%
工廠請教,1,0.02%
工廠製程,1,0.02%
工廠與供應商之間的溝通橋樑,1,0.02%
工廠的立場,1,0.02%
工廠決策人 員,1,0.02%
工廠水,1,0.02%
工廠後,1,0.02%
工廠大門為止,1,0.02%
工廠、技術顧問單位、研究單位,1,0.02%
工作之概念,1,0.02%
工件間,1,0.02%
工 程 業 界 研 究 開 發 之參 考,1,0.02%
屬如鈉,1,0.02%
小,1,0.02%
導體公司廠內每,1,0.02%
導 體 產,1,0.02%
審 訂,1,0.02%
實驗人員及,1,0.02%
實際,1,0.02%
實廠放大之營運操作等,1,0.02%
實廠操作,1,0.02%
實務,1,0.02%
實 際 執 ,1,0.02%
密度不足,1,0.02%
密度、高強度,1,0.02%
密度,1,0.02%
密集,1,0.02%
密閉式,1,0.02%
密閉容器的清洗系統圖,1,0.02%
密閉型,1,0.02%
密閉,1,0.02%
密封防爆型設計,1,0.02%
實驗規劃評估係,1,0.02%
審核供應商之規劃設計書後,1,0.02%
導 體,1,0.02%
審核各,1,0.02%
對象,1,0.02%
對濃度,1,0.02%
專利污泥固化劑,1,0.02%
專長及經驗,1,0.02%
專用導線架製造業,1,0.02%
專業與效率的優勢,1,0.02%
專業,1,0.02%
將回收系統,1,0.02%
封裝公司、37 家,1,0.02%
封裝,1,0.02%
封存,1,0.02%
寬電路製程,1,0.02%
寬電路生產,1,0.02%
寬能階差之特點,1,0.02%
寬小於,1,0.02%
工業上,1,0.02%
工業之發 展,1,0.02%
廢氣,1,0.02%
廠內回收,1,0.02%
廢 溶劑,1,0.02%
廠都,1,0.02%
廠方,1,0.02%
廠外合格,1,0.02%
廠外,1,0.02%
廠區附近製備後,1,0.02%
廠內數據之比較.........,1,0.02%
廠內其他處理水,1,0.02%
工業原料、溶劑、液體,1,0.02%
廠主要,1,0.02%
座蒸餾塔,1,0.02%
座為,1,0.02%
座,1,0.02%
底料照片,1,0.02%
底料.......................................................................................16   圖3.1-,1,0.02%
底部送出,1,0.02%
廢Si 馬達,1,0.02%
廢棄物 R-0201廢,1,0.02%
廢棄物之內容物影響,1,0.02%
廢棄物之清理現況進行,1,0.02%
廢棄物來源,1,0.02%
廢棄物資源化技術手冊,1,0.02%
廢棄物資源化技術5.1廢矽晶圓,1,0.02%
廢棄物資源化,1,0.02%
廢棄物網路申報資料,1,0.02%
廢棄物的處置方式是,1,0.02%
廢棄物特性與清理現況矽晶圓,1,0.02%
廢棄物減量及原物,1,0.02%
廢棄物替代為,1,0.02%
廢棄物收集,1,0.02%
廢棄物應,1,0.02%
廢棄物代碼廢棄物名稱再利用資源化率%D-0799,1,0.02%
廢棄物代,1,0.02%
廢棄物之關聯圖,1,0.02%
廢棄物之種類予以,1,0.02%
床式,1,0.02%
床,1,0.02%
幾百個大 氣壓,1,0.02%
差排現象,1,0.02%
巨幅,1,0.02%
左右,1,0.02%
工藝中最,1,0.02%
工程驗收指導試車,1,0.02%
工程師、,1,0.02%
工程師,1,0.02%
工程,1,0.02%
工業製程單元瞭解程度,1,0.02%
工業衛生用水量,1,0.02%
工業級異丙醇,1,0.02%
工業發展與環境,1,0.02%
工業界,1,0.02%
工業生產中,1,0.02%
工業污染防治,1,0.02%
工業局之政策指導下,1,0.02%
差排效應,1,0.02%
差等,1,0.02%
幾家,1,0.02%
市售之硫酸,1,0.02%
幾何軸平行,1,0.02%
平方英吋,1,0.02%
平均值,1,0.02%
平台的防蝕措施如何,1,0.02%
幫助,1,0.02%
常見的邊緣拋光方式,1,0.02%
常見溶劑,1,0.02%
常見,1,0.02%
常數,1,0.02%
常用,1,0.02%
常使用高,1,0.02%
帶離薄膜,1,0.02%
布雷登,1,0.02%
市場發展潛力,1,0.02%
市場上,1,0.02%
成本之分析不易,1,0.02%
成本分析仍,1,0.02%
寄,1,0.02%
時程初步,1,0.02%
晶 棒,1,0.02%
晶 圓 ,1,0.02%
普通的鋼板耐蝕,1,0.02%
時間～8001100℃％120-250過剩空氣排氣空氣耐火磚蒸氣,1,0.02%
時間內,1,0.02%
時間亦應,1,0.02%
時能,1,0.02%
時程,1,0.02%
是性能試車-110 -審核回收系統,1,0.02%
時的溫度,1,0.02%
時產生偏擺,1,0.02%
時柵板之用,1,0.02%
時會,1,0.02%
時之硫酸洗液,1,0.02%
時 程,1,0.02%
是利用一維持在,1,0.02%
晶 身,1,0.02%
晶冠,1,0.02%
晶冠成長晶身成長尾部成長晶圓加工切片 圓邊研磨蝕刻熱處理去疵晶圓拋光,1,0.02%
晶圓 片,1,0.02%
晶圓拋光片,1,0.02%
晶圓拋光,1,0.02%
晶圓幾個,1,0.02%
晶圓工作直徑,1,0.02%
晶圓在整個半導體－矽晶圓加工,1,0.02%
晶圓及磊晶圓,1,0.02%
晶圓具,1,0.02%
晶圓全製程廠的環境特性資料,1,0.02%
晶圓內的缺陷設定,1,0.02%
晶圓以如,1,0.02%
晶圓之可能性,1,0.02%
晶圓中阻質讀數之電性表現,1,0.02%
晶圓中晶格之缺陷,1,0.02%
晶圓上塵粒、有機物及金屬離子污染,1,0.02%
晶圓、光罩、記憶 體,1,0.02%
是指,1,0.02%
是固體吸附,1,0.02%
成本分析－包括初設成本,1,0.02%
方式減量處理,1,0.02%
方形的太陽能多晶晶片,1,0.02%
方形,1,0.02%
方式進行盤查分析,1,0.02%
方式處理廢溶劑之處理機構,1,0.02%
方式處置,1,0.02%
方式自然,1,0.02%
方式的柴氏法長成,1,0.02%
方式減量 處理,1,0.02%
   M12  0.0204  M29  ,1,0.02%
方式採,1,0.02%
方式對,1,0.02%
方式將,1,0.02%
方式之外,1,0.02%
方向的晶種,1,0.02%
方 案,1,0.02%
方 式,1,0.02%
方法之濕式,1,0.02%
方法效果,1,0.02%
方面廠方可,1,0.02%
於德州儀器公司成功,1,0.02%
是典型,1,0.02%
是一種各,1,0.02%
是 否,1,0.02%
早期的RCA晶片清洗配方利用高,1,0.02%
日二次,1,0.02%
日、 美少數領先廠商手中,1,0.02%
旋流,1,0.02%
旋轉窯輔助燃料之階段性任務,1,0.02%
旋轉窯焚化爐,1,0.02%
旋轉,1,0.02%
旋窯覆軍-70-受廢溶劑之影響,1,0.02%
施工期,1,0.02%
施工單位四個角色的分工合作以,1,0.02%
於製程,1,0.02%
於水泥,1,0.02%
晶圓材料,1,0.02%
晶圓材料性質的要求也,1,0.02%
晶圓材料業者、4,1,0.02%
晶片表面的粗糙度,1,0.02%
晶矽原料,1,0.02%
晶矽二類,1,0.02%
晶矽之污染負荷,1,0.02%
晶片面積的電子元件,1,0.02%
晶片面積上,1,0.02%
晶片電阻率無關,1,0.02%
晶片邊緣,1,0.02%
晶片表面的潔淨度,1,0.02%
晶圓材料製造商,1,0.02%
晶片表面每平方厘米,1,0.02%
晶片表面微粒少且無水痕,1,0.02%
晶片表面之可能性,1,0.02%
晶片表 面的可能性,1,0.02%
晶片的清洗過程中,1,0.02%
晶片的清洗過程,1,0.02%
晶片效果,1,0.02%
晶矽原料 石英坩堝 摻雜物水無機性污泥品質檢查,1,0.02%
晶矽太陽能電池的產能與需求,1,0.02%
晶矽晶體電鈍性晶界,1,0.02%
晶矽材料廠,1,0.02%
晶頸與晶冠,1,0.02%
晶頸,1,0.02%
晶面定位,1,0.02%
晶身,1,0.02%
晶質的介穩態,1,0.02%
晶種與矽熔液體,1,0.02%
晶研及尚志半導體,1,0.02%
晶矽磊晶片單晶矽,1,0.02%
晶矽體,1,0.02%
晶矽鑄造法,1,0.02%
晶矽製程,1,0.02%
晶矽的矽原子堆積方式不只,1,0.02%
晶矽的原料,1,0.02%
晶矽熔爐之熱場設計與溫梯設計,1,0.02%
晶矽焙融,1,0.02%
晶片從蝕刻液轉移,1,0.02%
晶液面,1,0.02%
晶棒拉離液面,1,0.02%
晶圓製造業之廢棄物,1,0.02%
晶圓製造公司、48,1,0.02%
晶圓表面水分,1,0.02%
晶圓表面之塵粒吸附,1,0.02%
晶圓與各種,1,0.02%
晶圓空氣污染物排放57.5  kg／片晶圓水污染物排放154.9,1,0.02%
晶圓破片大都,1,0.02%
晶圓直徑大小做,1,0.02%
晶圓的過程,1,0.02%
晶圓的外徑,1,0.02%
晶圓片製造業,1,0.02%
晶圓片表面,1,0.02%
晶圓片則,1,0.02%
晶圓片,1,0.02%
晶圓清洗程序,1,0.02%
晶圓棒,1,0.02%
晶圓製造業,1,0.02%
晶圓製造業每年,1,0.02%
晶棒頭端的固液介面形狀,1,0.02%
晶圓製造流程及其污 染源,1,0.02%
晶棒長度,1,0.02%
晶棒進行切片,1,0.02%
晶棒進行,1,0.02%
晶棒與液面,1,0.02%
晶棒直徑,1,0.02%
晶棒的直徑,1,0.02%
晶棒內圓周內,1,0.02%
晶格缺陷,1,0.02%
晶板,1,0.02%
晶塊置於,1,0.02%
晶圓切割作業,1,0.02%
晶圓數量,1,0.02%
晶圓邊緣造成,1,0.02%
晶圓邊緣堆積,1,0.02%
晶圓變形,1,0.02%
新鮮溶劑,1,0.02%
新竹科學,1,0.02%
新科 ,1,0.02%
技術顧問單位所,1,0.02%
抗壓強度之原理,1,0.02%
投資風險,1,0.02%
投資,1,0.02%
投入,1,0.02%
技術利用物質在二,1,0.02%
技術來,1,0.02%
技術顧問單位的指導下,1,0.02%
技術運用,1,0.02%
採槽式浸泡式,1,0.02%
技術運作情 形,1,0.02%
技術評估流程............................................................................1057.2資源化,1,0.02%
技術評估流程,1,0.02%
技術觀點,1,0.02%
技術規劃,1,0.02%
技術要求,1,0.02%
技術要,1,0.02%
抽驗區 出貨,1,0.02%
拋,1,0.02%
拋光,1,0.02%
拋光片,1,0.02%
採取蒸餾法,1,0.02%
排列方向的單晶,1,0.02%
排列,1,0.02%
排除,1,0.02%
排放資料,1,0.02%
排放等,1,0.02%
排放,1,0.02%
掌握,1,0.02%
挑戰,1,0.02%
指標......................................43 表4.2-,1,0.02%
持,1,0.02%
招標發包工程,1,0.02%
拋光裝置、紫外線,1,0.02%
拋光片所消耗之原物料,1,0.02%
拋光片之污染負荷,1,0.02%
技術與設備之參考,1,0.02%
技術與管理,1,0.02%
技術的門檻不高,1,0.02%
批 准發佈的ISO8573,1,0.02%
手冊中,1,0.02%
所需,1,0.02%
所示為,1,0.02%
所用,1,0.02%
所產生,1,0.02%
所產出,1,0.02%
所有資料數據,1,0.02%
或研磨機包裝最終檢驗中間檢驗,1,0.02%
或排氣設施,1,0.02%
或多,1,0.02%
或C-PVC材料,1,0.02%
我國積體電路產業,1,0.02%
成長   晶身成長,1,0.02%
成本都,1,0.02%
成本的經濟效應,1,0.02%
手冊編撰,1,0.02%
批晶片,1,0.02%
技術手冊內容說明   本,1,0.02%
批晶片的清洗條件,1,0.02%
技術手冊,1,0.02%
技術建議及評估,1,0.02%
技術單位,1,0.02%
技術問題,1,0.02%
技術名稱優點,1,0.02%
技術同時也,1,0.02%
技術及用途,1,0.02%
技術及建立,1,0.02%
技術分離,1,0.02%
技術優勢,1,0.02%
技術人員負責擬定,1,0.02%
技術之優缺點,1,0.02%
技術中,1,0.02%
技術上,1,0.02%
批次,1,0.02%
採單片式,1,0.02%
採槽車作業,1,0.02%
新台幣60 億元左右,1,0.02%
放入,1,0.02%
效率之系統,1,0.02%
效能,1,0.02%
效 益及回收期限,1,0.02%
效 率,1,0.02%
故障,1,0.02%
政府與民間,1,0.02%
政府單位,1,0.02%
放,1,0.02%
採購項目可,1,0.02%
改變,1,0.02%
改善,1,0.02%
收塔輕組分重,1,0.02%
收受矽晶圓片製造業,1,0.02%
收,1,0.02%
支出甚少,1,0.02%
攪拌蝕刻,1,0.02%
效率穩定,1,0.02%
效率高,1,0.02%
效益,1,0.02%
效益評估,1,0.02%
斑痕,1,0.02%
文獻,1,0.02%
整理,1,0.02%
整體污泥,1,0.02%
整合,1,0.02%
整個積體電路產業的上游材料,1,0.02%
整個積體電路產業各項產品環境負荷之計算,1,0.02%
整個產品生命週期,1,0.02%
整個熔化過程,1,0.02%
整個清洗製程,1,0.02%
整個服務生命週 期,1,0.02%
整 體 結 構,1,0.02%
散裝桶及包裝設備,1,0.02%
散射熱源,1,0.02%
敏感性物質,1,0.02%
攪拌 生料,1,0.02%
攝氏70-80,1,0.02%
擴散透析,1,0.02%
揮發性之特點,1,0.02%
揮發,1,0.02%
提取,1,0.02%
提供所需準備之備用,1,0.02%
提供廠方操作,1,0.02%
提供多少份系統,1,0.02%
提供,1,0.02%
提,1,0.02%
掩埋場,1,0.02%
掩埋、,1,0.02%
控制維持一定,1,0.02%
控制會,1,0.02%
控制是,1,0.02%
控制於適當,1,0.02%
控制工作如,1,0.02%
探 ,1,0.02%
揮發性,1,0.02%
損傷層 之雜質,1,0.02%
擴散程度,1,0.02%
損傷層完全,1,0.02%
擴散,1,0.02%
擬定資源化流程流程,1,0.02%
操作者的經驗與技術,1,0.02%
操作維護核對表格,1,0.02%
操作維護手冊,1,0.02%
操作溫度,1,0.02%
操作方法,1,0.02%
操作問題完全,1,0.02%
操作及,1,0.02%
操作,1,0.02%
撰寫數據資料之補充與修正 不合理合理,1,0.02%
撰寫回收系統,1,0.02%
摻雜物置入,1,0.02%
摻雜物的種類係,1,0.02%
損耗量,1,0.02%
密化狀 態的提昇,1,0.02%
容量,1,0.02%
其他工業製程,1,0.02%
區熔法,1,0.02%
半導體後段製程的晶圓數量,1,0.02%
半導體封裝與測試工廠,1,0.02%
半導體公司案例說,1,0.02%
半合成型切削油半合成型切削油由極細小油滴,1,0.02%
半 導體公司案,1,0.02%
半  導體公司案例說明：,1,0.02%
半,1,0.02%
區塊貼,1,0.02%
化技術手冊,1,0.02%
區域之氣泡密度,1,0.02%
區,1,0.02%
化鈣污泥-78-,1,0.02%
化鈣之成分約在,1,0.02%
化矽,1,0.02%
化物,1,0.02%
化技術矽晶圓是在半導體製程中,1,0.02%
半導體晶圓之矽純度99.999999999％,1,0.02%
半導體業 者,1,0.02%
半導體業產,1,0.02%
半導體業產生,1,0.02%
協同萃取這,1,0.02%
協同效 應,1,0.02%
協同,1,0.02%
協助調整或,1,0.02%
協助廠方審核,1,0.02%
協助,1,0.02%
協 -87-,1,0.02%
半導體製程變革,1,0.02%
半導體製程,1,0.02%
半導體等,1,0.02%
半導體矽晶圓的切片厚度,1,0.02%
半導體矽晶圓,1,0.02%
半導體業者所,1,0.02%
半導體業積體電路生產過程中常使用大量,1,0.02%
半導體業界,1,0.02%
化技術機械加工過程使用,1,0.02%
化技術............................................,1,0.02%
各種電路元件結構,1,0.02%
化學清洗,1,0.02%
化學溶液清洗晶片,1,0.02%
化學溶液清洗,1,0.02%
化學溶液時,1,0.02%
化學溶液,1,0.02%
化學溶劑,1,0.02%
化學清洗站,1,0.02%
化學清洗槽的1/5,1,0.02%
化學品的用量,1,0.02%
化技術,1,0.02%
化學品的晶片清洗製程,1,0.02%
化學原料製造業工廠,1,0.02%
化學作用,1,0.02%
化型,1,0.02%
化合物,1,0.02%
化 學品、肥料、製藥、清潔劑、染色緩衝劑、鍋爐水處理劑,1,0.02%
包裝袋中,1,0.02%
化學物品,1,0.02%
化學物與水,1,0.02%
化學肥料、工業用清潔劑及染色用,1,0.02%
化學腐蝕,1,0.02%
化成本分析廢棄物資源,1,0.02%
化床,1,0.02%
化學酸液後,1,0.02%
化學變化,1,0.02%
化學試劑純度要求,1,0.02%
化學試劑的供給,1,0.02%
化學試劑用量比較大,1,0.02%
化學蝕刻製程中,1,0.02%
化學蝕刻製程,1,0.02%
化學蝕刻矽晶圓材料來,1,0.02%
化學蝕刻液是,1,0.02%
化學蝕刻法的選擇、矽晶圓片清洗、矽晶圓,1,0.02%
化學蝕刻晶圓片,1,0.02%
化學蝕刻廢混酸之回收,1,0.02%
化學蝕刻廢液的量,1,0.02%
協萃劑分子的電子,1,0.02%
印 ,1,0.02%
即為,1,0.02%
可行性,1,0.02%
各回,1,0.02%
各向,1,0.02%
各個區塊上,1,0.02%
台灣,1,0.02%
台 灣 ,1,0.02%
可降低,1,0.02%
可行性試驗、設備,1,0.02%
可連續操作,1,0.02%
卻 帶有溶劑之氣體70～,1,0.02%
可輕易取出,1,0.02%
可能,1,0.02%
可溶性,1,0.02%
可消除,1,0.02%
可推測,1,0.02%
可批式操作,1,0.02%
可做為水泥,1,0.02%
各家代理商之技術,1,0.02%
各廠建廠之初大多,1,0.02%
各式單晶晶圓產品,1,0.02%
各式表面處理程序,1,0.02%
各種缺陷,1,0.02%
各種消 費型電子產品,1,0.02%
各種氣體的安全,1,0.02%
各種氣體,1,0.02%
各種措施-41-資料來源：張厥宗,1,0.02%
各種廢酸的資源,1,0.02%
各種廢棄物,1,0.02%
各種常用,1,0.02%
各界關注,1,0.02%
各界 ,1,0.02%
各界,1,0.02%
各物質之沸點,1,0.02%
各混凝劑,1,0.02%
各步驟工作內容,1,0.02%
各步,1,0.02%
只須將鹵素,1,0.02%
另,1,0.02%
口,1,0.02%
原物料缺乏上游,1,0.02%
原物料,1,0.02%
原材料,1,0.02%
原有之任一,1,0.02%
原成分間,1,0.02%
原子移動,1,0.02%
原子分析,1,0.02%
原子、離子,1,0.02%
原因為,1,0.02%
原因,1,0.02%
原化學 品,1,0.02%
原則,1,0.02%
原先,1,0.02%
原 ,1,0.02%
厚度3~5毫米的透明薄膜,1,0.02%
卻蒸餾,1,0.02%
原物料使用433.7  kg／片,1,0.02%
原物料與能資源之種類與數 量,1,0.02%
受體 ,1,0.02%
原料之品質及純度要求,1,0.02%
取法分,1,0.02%
反應溫度,1,0.02%
反應槽中,1,0.02%
反應槽,1,0.02%
去節流,1,0.02%
去疵,1,0.02%
厭氧菌滋生問題,1,0.02%
原理說明,1,0.02%
原理示意圖.....................................................................................,1,0.02%
原理............................................................................82,1,0.02%
原理 膜下游擴散冷凝溶解蒸發蒸氣上游,1,0.02%
原料進入,1,0.02%
原料市場價格,1,0.02%
原料再利用,1,0.02%
原料使用,1,0.02%
包裝盒內,1,0.02%
包括,1,0.02%
包含：,1,0.02%
其輸送管路系統不銹鋼材質管作輸送管線,1,0.02%
其餘,1,0.02%
其顆粒、雜質,1,0.02%
其需求晶向排列,1,0.02%
其電阻特性N型或P 型,1,0.02%
其限制,1,0.02%
其遺漏的地方,1,0.02%
其適用回收溶劑,1,0.02%
其資源,1,0.02%
分 ,1,0.02%
其設計的理念,1,0.02%
其規格要求,1,0.02%
其製程進行,1,0.02%
其表面,1,0.02%
其蝕刻速率,1,0.02%
其處理功能的保證,1,0.02%
其結果,1,0.02%
其不,1,0.02%
其量,1,0.02%
具代表之有機氣體,1,0.02%
再經,1,0.02%
刀具切割法,1,0.02%
刀具切削,1,0.02%
出來,1,0.02%
出貨,1,0.02%
出現,1,0.02%
凡,1,0.02%
凝聚劑,1,0.02%
冶煉銅廠外,1,0.02%
冶煉容易許多,1,0.02%
冶金級矽,1,0.02%
冶金級,1,0.02%
再利用流程,1,0.02%
再利用用途,1,0.02%
再利用後,1,0.02%
再利用,1,0.02%
其純度等級,1,0.02%
其純度仍,1,0.02%
其種類如下：單晶評價污泥：含有CH,1,0.02%
其在,1,0.02%
其包裝口,1,0.02%
其包裝,1,0.02%
其分子混合物組成,1,0.02%
其內部微細結構,1,0.02%
其他不同 製程中,1,0.02%
其他積體電路,1,0.02%
其他相關,1,0.02%
其他的矽晶圓製程,1,0.02%
其他燃料時,1,0.02%
其他添加劑混合而,1,0.02%
其他次要判斷,1,0.02%
其他方面的節水,1,0.02%
其他方法,1,0.02%
其他控制技術,1,0.02%
其他工業製程使用,1,0.02%
其原液與水,1,0.02%
其外表油 污,1,0.02%
其矽的特性,1,0.02%
其它,1,0.02%
其直徑大小,1,0.02%
其產品競爭力,1,0.02%
其生產製程,1,0.02%
其特性需要,1,0.02%
其焚化效率,1,0.02%
其水份問題,1,0.02%
其概要,1,0.02%
其本身直徑,1,0.02%
其成效,1,0.02%
其成分,1,0.02%
其應用,1,0.02%
其性質,1,0.02%
其形狀為,1,0.02%
其廠內廢溶劑產量,1,0.02%
其它溶劑沸點之,1,0.02%
刀具切割法 線,1,0.02%
分 -73-,1,0.02%
包含長晶、切片,1,0.02%
割片研磨片拋光片-24,1,0.02%
功能 基﹔氧基 O、氮基,1,0.02%
功能,1,0.02%
劑中,1,0.02%
劑 之溶劑,1,0.02%
劑,1,0.02%
劃痕,1,0.02%
創新,1,0.02%
割廢氣廢水廢油廢棄物廢水磨邊廢水,1,0.02%
分子間,1,0.02%
割出的晶圓中,1,0.02%
割,1,0.02%
副產品的用途,1,0.02%
副反應,1,0.02%
前言矽晶圓產業產生之廢溶劑,1,0.02%
前處理步驟,1,0.02%
前破片、研磨後,1,0.02%
功能之貯槽及燃料噴霧,1,0.02%
功能基,1,0.02%
功能要求,1,0.02%
功率的大,1,0.02%
動態,1,0.02%
動作,1,0.02%
動,1,0.02%
努力之下,1,0.02%
助熔劑,1,0.02%
加鹽酸氣形成,1,0.02%
加熱器輸出功率及拉速,1,0.02%
加熱功率,1,0.02%
加工過程,1,0.02%
加工機械,1,0.02%
加工則,1,0.02%
加入,1,0.02%
加倍,1,0.02%
加以,1,0.02%
加,1,0.02%
前溶劑萃取,1,0.02%
前段,1,0.02%
前尚未,1,0.02%
分離或純化之產物.................................................,1,0.02%
分離之,1,0.02%
分離、離 子,1,0.02%
分離0～－100oF氣體排放圖5.3-1 布雷登,1,0.02%
分離 機的中央部份,1,0.02%
分類、包裝雷射,1,0.02%
分餾污泥殘渣回收溶劑-100-d可由,1,0.02%
分配比,1,0.02%
分析與討論,1,0.02%
分析統計各製程單元之廢污物,1,0.02%
分析結果之比較對,1,0.02%
分析之作業,1,0.02%
分析,1,0.02%
分工體系結構,1,0.02%
分子力,1,0.02%
分子間之作用,1,0.02%
分離微量元素,1,0.02%
分離或純化之產物種類化學式 種,1,0.02%
前、,1,0.02%
分離效率,1,0.02%
削油資源,1,0.02%
則 屬中 游 產,1,0.02%
刻液中的硝酸和,1,0.02%
刷洗或擦洗,1,0.02%
初期投資額,1,0.02%
分離系 統、真空系統,1,0.02%
分離程序,1,0.02%
分離液出口固體物出口-,1,0.02%
分離法,1,0.02%
分離機等,1,0.02%
分離機的渦流速度,1,0.02%
分離機時的流速,1,0.02%
分離機底部,1,0.02%
分離機回收,1,0.02%
分離機,1,0.02%
各種製品之要求,1,0.02%
各項條件與準則,1,0.02%
容器化學,1,0.02%
塑膠的複合膜,1,0.02%
壓油,1,0.02%
壓,1,0.02%
增至,1,0.02%
增加,1,0.02%
境 ,1,0.02%
塗料,1,0.02%
塑膠薄 膜裝中,1,0.02%
塊狀原料,1,0.02%
基礎,1,0.02%
場地面積,1,0.02%
報價單內,1,0.02%
堪 用選擇,1,0.02%
堝與廢矽晶堝底料 石英坩堝,1,0.02%
堝璧的過度損傷,1,0.02%
堝底部,1,0.02%
堝內融熔液體的溫度穩定,1,0.02%
壓縮空氣的品質控制,1,0.02%
壓力,1,0.02%
壓力差、電位差和,1,0.02%
壓力範圍,1,0.02%
多段溶劑,1,0.02%
多次蒸餾之成本,1,0.02%
多次,1,0.02%
多槽式的清洗,1,0.02%
多成分,1,0.02%
多少時間,1,0.02%
多寡,1,0.02%
多個,1,0.02%
外綠,1,0.02%
外來雜質,1,0.02%
外來油品,1,0.02%
外緣的渦流方向向,1,0.02%
外管之間通入經,1,0.02%
外徑研磨,1,0.02%
外徑的自動化系統出現,1,0.02%
堝之成分為高,1,0.02%
基溶液、酵母食品、緩衝劑與多價螯合劑,1,0.02%
各項製程技術,1,0.02%
圖法,1,0.02%
在無機,1,0.02%
在於有效清除晶圓,1,0.02%
在於將矽,1,0.02%
在市場,1,0.02%
在回收溶劑,1,0.02%
在使用過程會,1,0.02%
土之貨車運輸,1,0.02%
圖6.3-,1,0.02%
基本設計,1,0.02%
圖5.5-2遠心分離機運作原理矽,1,0.02%
圖5.3-9 透析,1,0.02%
圖5.3-9,1,0.02%
圖5.3-6廢溶劑,1,0.02%
圖5.3-4催化燃燒法,1,0.02%
圖5.3-3活性碳吸附再生流程    D.催化燃燒,1,0.02%
圖5.1,1,0.02%
在直徑,1,0.02%
在能源,1,0.02%
在選擇回收系統供應商,1,0.02%
地區代理商的責任範 ,1,0.02%
執行資源,1,0.02%
型式,1,0.02%
型廢油,1,0.02%
垃圾,1,0.02%
坩鍋中加熱,1,0.02%
坩堝與矽熔湯,1,0.02%
坩堝與晶種的轉速控制,1,0.02%
坩堝內,1,0.02%
均勻度,1,0.02%
地面 積,1,0.02%
地表,1,0.02%
地節約,1,0.02%
地殼表面,1,0.02%
地方,1,0.02%
地循環,1,0.02%
多的雜質,1,0.02%
多種,1,0.02%
多種存在形式,1,0.02%
孔徑常約,1,0.02%
學術與研究單位,1,0.02%
學品,1,0.02%
學 術 研 究 單 位及 相,1,0.02%
學 ,1,0.02%
学工,1,0.02%
存量豐富的元素之一,1,0.02%
存在,1,0.02%
孔徑,1,0.02%
多種溶劑時回收之溶劑較,1,0.02%
委託者,1,0.02%
妥 善 解 決 廢 棄,1,0.02%
如表5.3-2,1,0.02%
如何,1,0.02%
套設備,1,0.02%
夾持,1,0.02%
太陽電池,1,0.02%
學試劑約,1,0.02%
它們,1,0.02%
它是,1,0.02%
安全之加熱,1,0.02%
容器內進行,1,0.02%
容器內,1,0.02%
容器,1,0.02%
家,1,0.02%
害性污泥 易與水泥,1,0.02%
定量,1,0.02%
定義D=,1,0.02%
定義,1,0.02%
定期訓練,1,0.02%
完整性,1,0.02%
完成回收系統,1,0.02%
安裝費用,1,0.02%
安裝,1,0.02%
安全性的考慮上,1,0.02%
安全及衛生,1,0.02%
太陽能切片厚度,1,0.02%
太陽能電池原料,1,0.02%
太陽能電池使用,1,0.02%
大約,1,0.02%
大氣,1,0.02%
大幅度,1,0.02%
大小晶片,1,0.02%
大小之晶片,1,0.02%
大小,1,0.02%
大學 工 ,1,0.02%
大多數黏,1,0.02%
大多數的有機溶劑,1,0.02%
大 直徑的晶片清洗技術化學酸槽的結構,1,0.02%
大,1,0.02%
多重離心方式,1,0.02%
多重薄膜,1,0.02%
多種薄膜分離法中,1,0.02%
多種碳 氫化合物之混合物,1,0.02%
多種矽晶圓,1,0.02%
大的清洗製程,1,0.02%
大部份半導體製程,1,0.02%
太陽能電池之原料,1,0.02%
大部份酸性反應,1,0.02%
太陽能電 池,1,0.02%
太陽能矽晶圓的材料品質最佳,1,0.02%
太陽能矽晶圓片的作法,1,0.02%
太陽能矽晶圓原料,1,0.02%
太陽能單晶矽晶圓發展障礙,1,0.02%
太空及陸地上,1,0.02%
天數26天,1,0.02%
天然物,1,0.02%
天然或合成乳化劑,1,0.02%
大量污泥,1,0.02%
大量廢氣分子,1,0.02%
大量各種不同性質的酸、鹼、有機溶劑,1,0.02%
大量各種,1,0.02%
大量元素萃取時,1,0.02%
大部分,1,0.02%
圖4.2-,1,0.02%
圖4.1-3,1,0.02%
圖3.1-2廢矽晶頭尾料2廢石,1,0.02%
噴嘴霧,1,0.02%
四段,1,0.02%
四個議題之廠內數據,1,0.02%
四、運作管理,1,0.02%
嚴格清洗,1,0.02%
噴洗式的化學清洗機,1,0.02%
噴注式,1,0.02%
噴射作用,1,0.02%
單槽式的清洗,1,0.02%
回水相,1,0.02%
單晶評價及矽原料酸蝕時,1,0.02%
單晶矽的方 法,1,0.02%
單晶矽的太陽電池,1,0.02%
單晶矽晶棒矽晶棒,1,0.02%
單晶矽晶棒之特性相似,1,0.02%
單晶矽晶圓破片摻雜,1,0.02%
單晶棒成長的方向,1,0.02%
四段逆流,1,0.02%
回收技術之優缺點,1,0.02%
回收水 化學試劑添加系統,1,0.02%
回收法所提勞特定律,1,0.02%
回收流程.....................................................................57,1,0.02%
回收率約,1,0.02%
回收設備、回收物質,1,0.02%
回收系統設置及備用零件,1,0.02%
回收系統的工廠,1,0.02%
回收系統正式,1,0.02%
回收系統圖6.3-,1,0.02%
回收系統供應,1,0.02%
回收系統也應,1,0.02%
回收系統之設置,1,0.02%
回收系統之地區代理商的服務及維護能力,1,0.02%
回收系 統之設置,1,0.02%
回收磨料切削後的切削劑一,1,0.02%
回收矽晶,1,0.02%
回收法有機溶劑具有低沸點,1,0.02%
單晶成長,1,0.02%
單容器化學,1,0.02%
單位研究單位,1,0.02%
同國家、地區,1,0.02%
吋矽晶圓的貢獻,1,0.02%
吋矽晶圓片多數仰賴,1,0.02%
吋矽晶圓拋光片,1,0.02%
吋矽晶圓,1,0.02%
吋拋光片製備製程中,1,0.02%
吋、8,1,0.02%
合約書內應,1,0.02%
合約,1,0.02%
合物,1,0.02%
合法之處理機構或,1,0.02%
合法之處理機構,1,0.02%
合成型切削油,1,0.02%
合成型,1,0.02%
各類廢 棄,1,0.02%
各項資源,1,0.02%
吋部 份主要,1,0.02%
名單彙整,1,0.02%
問題時,1,0.02%
名單類別機構名稱收受廢棄物種類,1,0.02%
問題之變異 性,1,0.02%
問 題 ,1,0.02%
品質切削油之乳化,1,0.02%
品質分析、類似工廠,1,0.02%
呼吸閥,1,0.02%
吸附及再生過程,1,0.02%
含量,1,0.02%
含氯量應,1,0.02%
含氧萃取劑和,1,0.02%
含有 Si,1,0.02%
含有,1,0.02%
含Si及SiC,1,0.02%
否進行評估研究 設 計 參,1,0.02%
向,1,0.02%
名稱 kgs,1,0.02%
回收流程B溶劑吸收法 溶劑吸收法適用,1,0.02%
因,1,0.02%
圖3.1-2廢矽晶頭尾,1,0.02%
圓片廠化學蝕刻的廢混酸,1,0.02%
圓片的蝕刻速率,1,0.02%
圓片的各個結晶方向,1,0.02%
圓片的化學清洗製程,1,0.02%
圓片清洗半導體元件生產中,1,0.02%
圓片業產生,1,0.02%
圓片材料市場的自給率超過50%,1,0.02%
圓片廢氣廢溶劑,1,0.02%
圓片再,1,0.02%
因應,1,0.02%
圓柱狀部分切,1,0.02%
圓柱狀矽晶棒,1,0.02%
國際標準,1,0.02%
國際半導體設 備,1,0.02%
國際半導體技術藍圖,1,0.02%
國家,1,0.02%
國外進口者,1,0.02%
圓片的酸性蝕刻,1,0.02%
圓片表面,1,0.02%
圓片表面再,1,0.02%
圓片表面殘留的微粒,1,0.02%
圖3.1-,1,0.02%
圖2.2-,1,0.02%
圖2.1-,1,0.02%
圖...........................................................................102圖6.3-,1,0.02%
圖 7.2,1,0.02%
圖,1,0.02%
圓長晶過程,1,0.02%
圓錐狀,1,0.02%
圓錐底部,1,0.02%
圓鋸只能,1,0.02%
圓邊作業,1,0.02%
圓片須,1,0.02%
圓片製造業廢棄物產出情形,1,0.02%
圓片製造,1,0.02%
圓片製程,1,0.02%
國外進口的現象,1,0.02%
國外市場資訊,1,0.02%
國外市場價格競爭,1,0.02%
國 外的進口,1,0.02%
固體雜質之沉澱槽,1,0.02%
固體表面,1,0.02%
固體與液體分離,1,0.02%
固體與液體,1,0.02%
固體廢物 ％50-250過剩空氣,1,0.02%
固相的單晶結構,1,0.02%
固態狀,1,0.02%
固定於,1,0.02%
固化處理單元,1,0.02%
固/氣兩相間 之吸引力,1,0.02%
困 難、資源,1,0.02%
因素進行綜合,1,0.02%
因素,1,0.02%
因為近年,1,0.02%
因為空白矽,1,0.02%
國,1,0.02%
國內一廢溶劑,1,0.02%
國外,1,0.02%
國內其他同業或,1,0.02%
國內電子業,1,0.02%
國內第一根8吋矽晶棒,1,0.02%
國內積體電路製造業,1,0.02%
國內積體電路產業,1,0.02%
國內矽晶圓片廠,1,0.02%
國內矽晶圓廠商,1,0.02%
國內的12吋矽晶圓片生產廠,1,0.02%
國內業者具有,1,0.02%
國內本土性矽晶圓片材料環 境負荷資料庫,1,0.02%
國內有,1,0.02%
國內工業,1,0.02%
國內外較成熟,1,0.02%
國內外文獻資料,1,0.02%
國內外,1,0.02%
國內十五家晶圓片廠的8 吋圓片生產統計,1,0.02%
"～40,000 片/月",1,0.02%
